kmeans_labels,Driver,LapNumber,Team,LapTime_Sec,Position,Sector1Time_Sec,Sector2Time_Sec,Sector3Time_Sec,TyreLife,TrackTemp,SpeedST,Compound_Num,pca_x,pca_y
1,NOR,2.0,McLaren,,1.0,58.907,38.076,72.905,2.0,19.2,242.0,4,0.8619850640512271,0.6568869205271072
1,VER,2.0,Red Bull Racing,,2.0,58.141,37.976,73.205,2.0,19.2,210.0,4,0.9010593280449102,0.6734916392417221
1,PIA,2.0,McLaren,,3.0,58.462,37.621,73.46,2.0,19.2,191.0,4,0.9291556089332412,0.6875348729422956
1,RUS,2.0,Mercedes,,4.0,57.443,36.07,74.613,2.0,19.2,181.0,4,0.9251091068188524,0.6948584270307527
1,LEC,2.0,Ferrari,,5.0,55.101,36.092,76.04,2.0,19.2,218.0,4,0.8582253325128169,0.6627934342067677
1,TSU,2.0,Racing Bulls,,6.0,54.848,35.961,77.41,2.0,19.2,201.0,4,0.8863081469524037,0.6724408560993987
1,ALB,2.0,Williams,,7.0,54.638,35.482,78.744,2.0,19.2,192.0,4,0.8998284574887536,0.6786480398764798
1,HAM,2.0,Ferrari,,8.0,55.534,35.74,78.634,2.0,19.2,202.0,4,0.8959250532075329,0.6753231750911367
1,GAS,2.0,Alpine,,9.0,55.855,35.135,80.32,2.0,19.2,195.0,4,0.9123191967957519,0.6828959423819583
1,ALO,2.0,Aston Martin,,10.0,55.076,34.64,79.692,2.0,19.2,185.0,4,0.9110014743818321,0.6875754904758594
1,STR,2.0,Aston Martin,,11.0,54.693,34.276,80.512,2.0,19.2,187.0,4,0.9054981434555276,0.6860457479901905
1,HUL,2.0,Kick Sauber,,12.0,54.941,32.858,81.599,2.0,19.2,174.0,4,0.9186278783497733,0.6998588641178933
1,ANT,2.0,Mercedes,,13.0,55.459,32.481,81.86,2.0,19.2,145.0,4,0.9626681455251648,0.7208333732026979
1,BOR,2.0,Kick Sauber,,14.0,55.049,32.292,82.231,2.0,19.2,169.0,4,0.9247679976904223,0.7052826113335385
1,OCO,2.0,Haas F1 Team,,15.0,55.831,31.695,82.393,2.0,19.2,156.0,4,0.945816799017867,0.7184213516310207
1,LAW,2.0,Red Bull Racing,,16.0,55.833,30.35,83.116,2.0,19.2,163.0,4,0.9268119302626756,0.7188909842643049
1,BEA,2.0,Haas F1 Team,,17.0,56.636,30.377,82.785,2.0,19.2,142.0,4,0.9628010522055981,0.7347878938683312
1,NOR,3.0,McLaren,,1.0,56.498,34.215,71.01,3.0,19.2,184.0,4,0.8691393403379862,0.6997239308030923
1,VER,3.0,Red Bull Racing,,2.0,56.23,33.683,72.232,3.0,19.2,180.0,4,0.873855792882693,0.7028619853665844
1,PIA,3.0,McLaren,,3.0,56.776,33.402,72.129,3.0,19.2,163.0,4,0.8999826864260965,0.7163671727771262
1,RUS,3.0,Mercedes,,4.0,55.842,33.693,72.902,3.0,19.2,148.0,4,0.9195890546790457,0.7205894375405275
1,LEC,3.0,Ferrari,,5.0,54.771,32.738,74.652,3.0,19.2,185.0,4,0.8570438783085476,0.6971050772756872
1,TSU,3.0,Racing Bulls,,6.0,52.547,33.756,76.617,3.0,19.2,167.0,4,0.8822824484680738,0.6952768583980288
1,ALB,3.0,Williams,,7.0,51.46,35.308,76.855,1.0,19.2,160.0,4,0.9085482060276991,0.6821082447076465
1,HAM,3.0,Ferrari,,8.0,50.598,35.108,78.107,3.0,19.2,185.0,4,0.8594054323957923,0.6716159312235644
1,GAS,3.0,Alpine,,9.0,50.51,36.049,76.333,3.0,19.2,189.0,4,0.8522568581255321,0.6656248789688214
1,ALO,3.0,Aston Martin,,10.0,52.882,33.441,77.022,3.0,19.2,168.0,4,0.8831940234518605,0.6971164927991507
1,STR,3.0,Aston Martin,,11.0,51.7,33.597,78.641,1.0,19.2,172.0,4,0.8869400065507802,0.6817424098616848
1,HUL,3.0,Kick Sauber,,12.0,51.306,33.479,79.438,3.0,19.2,168.0,4,0.8818831899636101,0.6904460577230187
1,ANT,3.0,Mercedes,,13.0,51.498,33.08,80.177,3.0,19.2,177.0,4,0.8710491786202801,0.6871378437295524
1,BOR,3.0,Kick Sauber,,14.0,51.09,32.707,81.42,3.0,19.2,167.0,4,0.8846508954937357,0.6927792098748615
1,OCO,3.0,Haas F1 Team,,15.0,51.532,32.008,81.531,3.0,19.2,155.0,4,0.8997958769268775,0.7042964197907139
1,LAW,3.0,Red Bull Racing,,16.0,50.966,32.077,82.298,3.0,19.2,169.0,4,0.8793424125467033,0.6932344496718209
1,BEA,3.0,Haas F1 Team,,17.0,51.619,31.436,82.324,3.0,19.2,122.0,4,0.9464938641516227,0.7266008914245796
1,NOR,4.0,McLaren,,1.0,55.356,32.664,68.033,4.0,19.2,188.0,4,0.8162431641732439,0.7020752434643058
1,VER,4.0,Red Bull Racing,,2.0,54.351,32.712,68.712,4.0,19.2,187.0,4,0.8123497168331719,0.6983950445576798
1,PIA,4.0,McLaren,,3.0,54.05,33.43,68.245,4.0,19.2,160.0,4,0.8523952630488884,0.7110190821696178
1,RUS,4.0,Mercedes,,4.0,53.578,32.777,70.152,4.0,19.2,169.0,4,0.8392211765588137,0.7058437388909309
1,LEC,4.0,Ferrari,,5.0,52.602,32.053,71.147,4.0,19.0,150.0,4,0.873209414559723,0.8431512587372818
1,TSU,4.0,Racing Bulls,,6.0,50.759,33.109,71.327,4.0,19.0,166.0,4,0.844160756597692,0.8222538928408114
1,ALB,4.0,Williams,,7.0,50.009,33.111,71.161,2.0,19.0,186.0,4,0.817917999826258,0.7995938928224282
1,HAM,4.0,Ferrari,,8.0,49.775,32.493,71.832,4.0,19.0,193.0,4,0.793164852141683,0.8040567200816682
1,GAS,4.0,Alpine,,9.0,50.36,32.205,72.024,4.0,19.0,194.0,4,0.795534757705135,0.8068277668519429
1,ALO,4.0,Aston Martin,,10.0,52.331,32.068,70.307,4.0,19.0,179.0,4,0.824838580822504,0.8244899245555883
1,STR,4.0,Aston Martin,,11.0,50.522,33.1,71.249,1.0,19.0,166.0,4,0.8567940143910944,0.8100625126812563
1,HUL,4.0,Kick Sauber,,12.0,50.322,32.589,72.226,4.0,19.0,167.0,4,0.8384981875263835,0.8216561123689685
1,ANT,4.0,Mercedes,,13.0,49.814,32.851,71.933,4.0,19.0,196.0,4,0.7932662609790997,0.8011296641136597
1,BOR,4.0,Kick Sauber,,14.0,49.09,32.645,73.087,4.0,19.0,184.0,4,0.8078607562841885,0.8061169402764631
1,OCO,4.0,Haas F1 Team,,15.0,50.497,30.586,81.109,4.0,19.0,179.0,4,0.8522758835773647,0.8216300005104784
1,LAW,4.0,Red Bull Racing,,16.0,50.211,29.835,80.347,1.0,19.0,175.0,4,0.8592401763479534,0.8143199728189271
1,BEA,4.0,Haas F1 Team,,17.0,50.2,29.524,86.02,4.0,19.0,123.0,4,0.9459391544831788,0.8577847108317347
1,NOR,5.0,McLaren,143.648,1.0,53.992,31.669,57.987,5.0,19.0,186.0,4,0.7541763954451524,0.8328904141465384
1,VER,5.0,Red Bull Racing,143.609,2.0,53.513,32.627,57.469,5.0,19.0,194.0,4,0.7446626458550274,0.8227562271706453
1,PIA,5.0,McLaren,143.155,3.0,53.433,32.176,57.546,5.0,19.0,189.0,4,0.7471012961764703,0.8270453396559533
1,RUS,5.0,Mercedes,141.712,4.0,51.373,31.913,58.426,5.0,19.0,185.0,4,0.7356109407745666,0.8219880582344368
1,LEC,5.0,Ferrari,142.597,5.0,51.208,31.916,59.473,5.0,19.0,197.0,4,0.7226934269876917,0.8139792521931034
1,TSU,5.0,Racing Bulls,141.441,6.0,49.721,33.012,58.708,5.0,19.0,187.0,4,0.729307523490206,0.8101846803652816
1,ALB,5.0,Williams,142.084,7.0,51.338,30.169,60.577,3.0,19.0,190.0,4,0.7333227896172254,0.8173289253519427
1,HAM,5.0,Ferrari,141.772,8.0,51.182,31.506,59.084,5.0,19.0,181.0,4,0.7391776627846117,0.825031416654331
1,GAS,5.0,Alpine,141.36,9.0,51.18,30.446,59.734,5.0,19.0,204.0,4,0.6996701126955185,0.8147958420059798
1,ALO,5.0,Aston Martin,142.181,10.0,52.318,29.721,60.142,5.0,19.0,185.0,4,0.732749376333967,0.8334480194255547
1,STR,5.0,Aston Martin,140.409,11.0,50.391,31.168,58.85,1.0,19.0,166.0,4,0.7690651832021387,0.8170902261150006
1,HUL,5.0,Kick Sauber,139.058,12.0,49.793,30.263,59.002,5.0,19.0,180.0,4,0.7150189860327967,0.8243928245491962
1,ANT,5.0,Mercedes,139.163,13.0,49.979,30.052,59.132,5.0,19.0,187.0,4,0.7054658079417939,0.8216448643404664
1,BOR,5.0,Kick Sauber,138.316,14.0,49.203,29.928,59.185,5.0,19.0,158.0,4,0.7385839617081399,0.8364919743488283
1,OCO,5.0,Haas F1 Team,130.528,15.0,48.221,25.144,57.163,1.0,19.0,184.0,4,0.6554548339470114,0.818737820720735
1,LAW,5.0,Red Bull Racing,131.293,16.0,49.874,23.666,57.753,4.0,19.0,148.0,4,0.6959799694456905,0.8636836939626722
1,BEA,5.0,Haas F1 Team,125.412,17.0,45.526,23.469,56.417,1.0,19.0,179.0,4,0.616852659024831,0.8167884987658314
1,NOR,6.0,McLaren,140.423,1.0,48.236,33.814,58.373,6.0,19.0,180.0,4,0.7260445964374578,0.8093482836575845
1,VER,6.0,Red Bull Racing,139.654,2.0,47.887,33.228,58.539,6.0,19.0,127.0,4,0.793581191502329,0.8420819689573569
1,PIA,6.0,McLaren,139.873,3.0,48.116,33.226,58.531,6.0,19.0,132.0,4,0.78855124216958,0.839990605259776
1,RUS,6.0,Mercedes,139.485,4.0,47.746,33.735,58.004,6.0,19.0,114.0,4,0.8127613638945703,0.8476259063772034
1,LEC,6.0,Ferrari,138.85,5.0,45.966,33.553,59.331,6.0,19.0,159.0,4,0.7372610593906204,0.8137213826556362
1,TSU,6.0,Racing Bulls,139.381,6.0,45.567,33.684,60.13,6.0,19.0,149.0,4,0.7533886971682595,0.8176484129208299
1,ALB,6.0,Williams,139.612,7.0,44.267,34.013,61.332,4.0,19.0,213.0,4,0.6698379882458616,0.7648798601736168
1,HAM,6.0,Ferrari,140.418,8.0,43.91,34.755,61.753,6.0,19.0,196.0,4,0.6899239139143662,0.778594773627371
1,GAS,6.0,Alpine,139.952,9.0,43.258,34.952,61.742,6.0,19.0,222.0,4,0.6485242836968226,0.7595131948066466
1,ALO,6.0,Aston Martin,139.493,10.0,42.673,35.332,61.488,6.0,19.0,185.0,4,0.6980473361772632,0.7782199227096621
1,STR,6.0,Aston Martin,140.973,11.0,42.942,35.542,62.489,2.0,19.0,199.0,4,0.7086427746210582,0.7550105625459436
1,HUL,6.0,Kick Sauber,141.111,12.0,42.669,35.545,62.897,6.0,19.0,202.0,4,0.6835295162236655,0.767074067804082
1,ANT,6.0,Mercedes,141.111,13.0,42.289,35.787,63.035,6.0,19.0,201.0,4,0.684457630536538,0.7652767679370005
1,BOR,6.0,Kick Sauber,140.976,14.0,41.946,35.519,63.511,6.0,19.0,177.0,4,0.7154593435956568,0.7793347106781134
1,OCO,6.0,Haas F1 Team,140.986,15.0,41.743,35.534,63.709,2.0,19.0,163.0,4,0.7552512320562403,0.771901618042765
1,LAW,6.0,Red Bull Racing,141.609,16.0,41.25,36.661,63.698,5.0,19.0,185.0,4,0.7146579624743068,0.7638736464772325
1,BEA,6.0,Haas F1 Team,142.075,17.0,41.852,35.99,64.233,2.0,19.0,161.0,4,0.7664058968048109,0.771914958226323
1,NOR,7.0,McLaren,137.108,1.0,46.009,30.022,61.077,7.0,19.0,218.0,4,0.6238273717803346,0.794274251780655
1,VER,7.0,Red Bull Racing,136.447,2.0,45.898,29.735,60.814,7.0,19.0,208.0,4,0.6328287734302784,0.8009072549605714
1,PIA,7.0,McLaren,135.569,3.0,45.77,30.859,58.94,7.0,19.0,231.0,4,0.5994254955619853,0.7826098183231718
1,RUS,7.0,Mercedes,134.684,4.0,45.565,31.759,57.36,7.0,19.0,234.0,4,0.5932624924410743,0.7768827459884017
1,LEC,7.0,Ferrari,133.209,5.0,45.283,30.724,57.202,7.0,19.0,230.0,4,0.5854379338318758,0.7818209505191978
1,TSU,7.0,Racing Bulls,131.451,6.0,45.02,30.751,55.68,7.0,19.0,214.0,4,0.5977070362693513,0.7904388687347244
1,ALB,7.0,Williams,129.065,7.0,43.84,29.976,55.249,5.0,19.0,229.0,4,0.5655747341139626,0.7718189077088048
1,HAM,7.0,Ferrari,127.498,8.0,42.591,30.377,54.53,7.0,19.0,212.0,4,0.5677002735541916,0.783187611742966
1,GAS,7.0,Alpine,126.733,9.0,42.713,29.764,54.256,7.0,19.0,223.0,4,0.5457434546869255,0.7792001131603196
1,ALO,7.0,Aston Martin,125.594,10.0,42.237,31.103,52.254,7.0,19.0,203.0,4,0.571755191430821,0.784777959744965
1,STR,7.0,Aston Martin,124.687,11.0,40.835,31.17,52.682,3.0,19.0,213.0,4,0.5677478153770723,0.7577529497190472
1,HUL,7.0,Kick Sauber,124.116,12.0,41.833,30.29,51.993,7.0,19.0,202.0,4,0.5600806066187647,0.7866281054416616
1,ANT,7.0,Mercedes,123.412,13.0,41.182,30.645,51.585,7.0,19.0,204.0,4,0.5522741768665235,0.7815495471290295
1,BOR,7.0,Kick Sauber,123.467,14.0,41.213,30.785,51.469,7.0,19.0,203.0,4,0.5547114718699906,0.781793993615801
1,OCO,7.0,Haas F1 Team,123.018,15.0,40.716,30.837,51.465,3.0,19.0,191.0,4,0.5881250744344794,0.7718392487894427
1,LAW,7.0,Red Bull Racing,122.216,16.0,40.083,30.379,51.754,6.0,19.0,196.0,4,0.5567810702205789,0.7791092531411785
1,BEA,7.0,Haas F1 Team,122.192,17.0,40.31,30.271,51.611,3.0,19.0,154.0,4,0.6323876291212784,0.7945842157249927
2,NOR,8.0,McLaren,96.278,1.0,34.845,20.542,40.891,8.0,19.1,276.0,4,0.2196268845857334,0.6886499418869906
2,VER,8.0,Red Bull Racing,96.83,2.0,35.249,20.145,41.436,8.0,19.1,245.0,4,0.26680248524276134,0.710426639274862
2,PIA,8.0,McLaren,97.251,3.0,35.144,20.025,42.082,8.0,19.1,257.0,4,0.25107006123166414,0.7031190517078933
2,RUS,8.0,Mercedes,97.824,4.0,35.549,20.248,42.027,8.0,19.1,251.0,4,0.26530841512054787,0.7076113761836321
2,LEC,8.0,Ferrari,98.19,5.0,35.371,20.374,42.445,8.0,19.1,243.0,4,0.278539760609146,0.7112641397945204
2,TSU,8.0,Racing Bulls,98.464,6.0,35.395,20.314,42.755,8.0,19.1,227.0,4,0.30270179721304913,0.7212426763916497
2,ALB,8.0,Williams,98.281,7.0,35.515,20.233,42.533,6.0,19.1,229.0,4,0.309244210396251,0.7133061743604898
2,HAM,8.0,Ferrari,98.311,8.0,35.572,20.255,42.484,8.0,19.1,230.0,4,0.29804345826413065,0.7203682978680461
2,GAS,8.0,Alpine,98.441,9.0,35.761,20.439,42.241,8.0,19.1,232.0,4,0.29742573091856833,0.719289397845821
2,ALO,8.0,Aston Martin,98.354,10.0,35.634,20.573,42.147,8.0,19.1,225.0,4,0.3069894388969004,0.7225460249174032
2,STR,8.0,Aston Martin,98.664,11.0,36.07,20.699,41.895,4.0,19.1,233.0,4,0.3200546308647798,0.7040185479390955
2,HUL,8.0,Kick Sauber,98.959,12.0,36.183,20.258,42.518,8.0,19.1,230.0,4,0.30403260981369407,0.7228334887024114
2,ANT,8.0,Mercedes,98.729,13.0,35.912,20.482,42.335,8.0,19.1,240.0,4,0.2883727892935911,0.7149003375589194
2,BOR,8.0,Kick Sauber,100.265,14.0,36.126,20.871,43.268,8.0,19.1,242.0,4,0.2964048743657697,0.7131291485240292
2,OCO,8.0,Haas F1 Team,100.522,15.0,36.515,20.724,43.283,4.0,19.1,217.0,4,0.3549133294010534,0.7153398192975566
2,LAW,8.0,Red Bull Racing,100.582,16.0,36.302,20.823,43.457,7.0,19.1,230.0,4,0.3208815005193053,0.7175114255928766
2,BEA,8.0,Haas F1 Team,102.054,17.0,36.361,21.757,43.936,4.0,19.1,218.0,4,0.3655845094579831,0.7104273336374679
2,NOR,9.0,McLaren,94.638,1.0,34.182,19.932,40.524,9.0,19.1,281.0,4,0.19320010942534227,0.6888626578924302
2,VER,9.0,Red Bull Racing,94.315,2.0,33.85,19.608,40.857,9.0,19.1,258.0,4,0.22155628231805308,0.7025657909091171
2,PIA,9.0,McLaren,94.578,3.0,34.085,19.805,40.688,9.0,19.1,273.0,4,0.20336306250069308,0.6937514544473725
2,RUS,9.0,Mercedes,94.873,4.0,34.074,19.847,40.952,9.0,19.1,269.0,4,0.2108138214221483,0.6959649108718061
2,LEC,9.0,Ferrari,94.933,5.0,33.915,19.833,41.185,9.0,19.1,263.0,4,0.21900768424178232,0.6989885701250511
2,TSU,9.0,Racing Bulls,95.409,6.0,34.269,19.974,41.166,9.0,19.1,254.0,4,0.23644731760637522,0.7053776508323191
2,ALB,9.0,Williams,96.3,7.0,34.639,19.865,41.796,7.0,19.1,234.0,4,0.2811187412590569,0.7118238479228706
2,HAM,9.0,Ferrari,96.242,8.0,34.554,19.882,41.806,9.0,19.1,240.0,4,0.2617194614615362,0.715296629395549
2,GAS,9.0,Alpine,96.062,9.0,34.775,19.939,41.348,9.0,19.1,241.0,4,0.26042720838592615,0.7154138417438833
2,ALO,9.0,Aston Martin,96.267,10.0,34.756,20.098,41.413,9.0,19.1,232.0,4,0.27497525475835183,0.7202217485554214
2,STR,9.0,Aston Martin,96.253,11.0,34.815,20.356,41.082,5.0,19.1,251.0,4,0.26963268284367536,0.693043957033689
2,HUL,9.0,Kick Sauber,96.51,12.0,34.846,20.162,41.502,9.0,19.1,242.0,4,0.26266898888075035,0.7143005209422775
2,ANT,9.0,Mercedes,96.312,13.0,34.903,19.945,41.464,9.0,19.1,258.0,4,0.23808395761468465,0.7056110497433911
2,BOR,9.0,Kick Sauber,96.663,14.0,34.582,20.079,42.002,9.0,19.1,264.0,4,0.2307308046925878,0.7001712723625939
2,OCO,9.0,Haas F1 Team,98.049,15.0,35.372,20.303,42.374,5.0,19.1,229.0,4,0.3128282652025526,0.7087333741211828
2,LAW,9.0,Red Bull Racing,98.439,16.0,35.232,20.72,42.487,8.0,19.1,235.0,4,0.2922085250148176,0.7143217580324818
2,BEA,9.0,Haas F1 Team,98.564,17.0,35.336,20.785,42.443,5.0,19.1,223.0,4,0.32607973071733626,0.7105163938944784
2,NOR,10.0,McLaren,92.13,1.0,32.775,19.521,39.834,10.0,19.1,280.0,4,0.16845532426349238,0.6890088589811205
2,VER,10.0,Red Bull Racing,92.65,2.0,33.117,19.414,40.119,10.0,19.1,263.0,4,0.19645791910386365,0.7010497719713683
2,PIA,10.0,McLaren,92.672,3.0,33.169,19.497,40.006,10.0,19.1,280.0,4,0.17288774869194498,0.6906809710706021
2,RUS,10.0,Mercedes,93.587,4.0,33.442,19.662,40.483,10.0,19.1,276.0,4,0.18537596559802194,0.6935995453381694
2,LEC,10.0,Ferrari,93.539,5.0,33.253,19.497,40.789,10.0,19.1,260.0,4,0.20648869070761466,0.703084850339005
2,TSU,10.0,Racing Bulls,94.433,6.0,33.907,19.654,40.872,10.0,19.1,253.0,4,0.22462358011573405,0.7094169462413764
2,ALB,10.0,Williams,94.494,7.0,33.776,19.742,40.976,8.0,19.1,234.0,4,0.2621602756355659,0.7125627298394469
2,HAM,10.0,Ferrari,95.107,8.0,33.954,19.89,41.263,10.0,19.1,246.0,4,0.23947017716070024,0.7129903201496787
2,GAS,10.0,Alpine,95.527,9.0,34.369,19.784,41.374,10.0,19.1,255.0,4,0.23013930329404075,0.7095908305957246
2,ALO,10.0,Aston Martin,95.569,10.0,34.31,19.907,41.352,10.0,19.1,254.0,4,0.23207600309768062,0.7095246029914792
2,STR,10.0,Aston Martin,95.14,11.0,34.318,20.098,40.724,6.0,19.1,264.0,4,0.23681529073284552,0.6878437638415964
2,HUL,10.0,Kick Sauber,95.044,12.0,34.233,19.802,41.009,10.0,19.1,259.0,4,0.2213265708436,0.7065756993870487
2,ANT,10.0,Mercedes,95.27,13.0,34.187,19.577,41.506,10.0,19.1,271.0,4,0.2043221709849925,0.6998866476541628
2,BOR,10.0,Kick Sauber,95.625,14.0,33.964,20.03,41.631,10.0,19.1,274.0,4,0.20299674451758506,0.6955606015835715
2,OCO,10.0,Haas F1 Team,96.474,15.0,34.541,20.181,41.752,6.0,19.1,246.0,4,0.2710195527668976,0.6992928572183
2,LAW,10.0,Red Bull Racing,96.614,16.0,34.497,20.047,42.07,9.0,19.1,276.0,4,0.21287590628141695,0.6926691677958483
2,BEA,10.0,Haas F1 Team,96.411,17.0,34.465,20.346,41.6,6.0,19.1,253.0,4,0.2610806782747449,0.6941732603275085
2,NOR,11.0,McLaren,92.189,1.0,32.971,19.542,39.676,11.0,19.1,278.0,4,0.16736974537142646,0.6947057313355786
2,VER,11.0,Red Bull Racing,92.453,2.0,33.017,19.392,40.044,11.0,19.1,272.0,4,0.1769253828935679,0.6990322702677769
2,PIA,11.0,McLaren,91.959,3.0,32.814,19.223,39.922,11.0,19.1,271.0,4,0.17413293917744418,0.699417914398399
2,RUS,11.0,Mercedes,93.347,4.0,33.297,19.554,40.496,11.0,19.1,281.0,4,0.1707734100707646,0.6941196284750812
2,LEC,11.0,Ferrari,94.251,5.0,33.495,19.791,40.965,11.0,19.1,263.0,4,0.2031715487920255,0.7049578024543043
2,TSU,11.0,Racing Bulls,94.136,6.0,33.605,19.643,40.888,11.0,19.1,257.0,4,0.2109171306634296,0.7095635730365268
2,ALB,11.0,Williams,94.206,7.0,33.54,19.704,40.962,9.0,19.1,252.0,4,0.22868577217917047,0.7045968356426696
2,HAM,11.0,Ferrari,94.299,8.0,33.496,19.828,40.975,11.0,19.1,258.0,4,0.21072419233777995,0.7078583361643532
2,GAS,11.0,Alpine,94.702,9.0,33.715,19.771,41.216,11.0,19.1,261.0,4,0.20928279495884738,0.7071164585503475
2,ALO,11.0,Aston Martin,95.3,10.0,34.107,19.76,41.433,11.0,19.1,244.0,4,0.23831348361834281,0.7190256506094499
2,STR,11.0,Aston Martin,94.972,11.0,34.256,19.813,40.903,7.0,19.1,266.0,4,0.22647360003841724,0.6911312544053265
2,HUL,11.0,Kick Sauber,94.99,12.0,34.126,19.628,41.236,11.0,19.1,265.0,4,0.2061898494303368,0.7068642804955553
2,ANT,11.0,Mercedes,94.678,13.0,33.964,19.627,41.087,11.0,19.1,264.0,4,0.20526037837209005,0.7068253105857286
2,BOR,11.0,Kick Sauber,94.655,14.0,33.762,19.755,41.138,11.0,19.1,281.0,4,0.1806216972474058,0.6952578896860253
2,OCO,11.0,Haas F1 Team,95.696,15.0,34.533,19.996,41.167,7.0,19.1,243.0,4,0.2651062023911753,0.7055201403958893
2,LAW,11.0,Red Bull Racing,95.174,16.0,33.498,20.106,41.57,10.0,19.1,269.0,4,0.20612449675030348,0.6964340110281315
2,BEA,11.0,Haas F1 Team,95.416,17.0,34.048,20.123,41.245,7.0,19.1,250.0,4,0.2521930980946185,0.6988621049535375
2,NOR,12.0,McLaren,91.778,1.0,33.041,19.428,39.309,12.0,19.1,284.0,4,0.15123620377371091,0.6955361968173955
2,VER,12.0,Red Bull Racing,91.591,2.0,32.767,19.302,39.522,12.0,19.1,274.0,4,0.16285653810609613,0.7009117547307138
2,PIA,12.0,McLaren,91.29,3.0,32.66,18.929,39.701,12.0,19.1,274.0,4,0.15922060784619027,0.7017825793971908
2,RUS,12.0,Mercedes,92.803,4.0,33.269,19.534,40.0,12.0,19.1,278.0,4,0.16675210750546385,0.6996785308494373
2,LEC,12.0,Ferrari,93.536,5.0,33.168,19.953,40.415,12.0,19.1,268.0,4,0.1863780611335422,0.7038214066214279
2,TSU,12.0,Racing Bulls,93.273,6.0,33.212,19.544,40.517,12.0,19.1,263.0,4,0.1905311115933953,0.7084637527769692
2,ALB,12.0,Williams,93.713,7.0,33.608,19.618,40.487,10.0,19.1,255.0,4,0.21649169101693377,0.7071434730048419
2,HAM,12.0,Ferrari,93.255,8.0,33.41,19.708,40.137,12.0,19.1,266.0,4,0.18762959269795743,0.7068946062453161
2,GAS,12.0,Alpine,94.227,9.0,33.48,19.64,41.107,12.0,19.1,262.0,4,0.19864492782772683,0.7097820668897784
2,ALO,12.0,Aston Martin,94.076,10.0,33.625,19.675,40.776,12.0,19.1,263.0,4,0.1971165893120008,0.7096610308355162
2,STR,12.0,Aston Martin,94.426,11.0,34.054,19.952,40.42,8.0,19.3,278.0,4,0.1833558287450931,0.559073124819356
2,HUL,12.0,Kick Sauber,94.989,12.0,34.111,19.638,41.24,12.0,19.3,268.0,4,0.1790926643907538,0.5814398214121406
2,ANT,12.0,Mercedes,95.385,13.0,34.18,19.476,41.729,12.0,19.3,270.0,4,0.17800200012139733,0.5810505686092567
2,BOR,12.0,Kick Sauber,94.382,14.0,33.593,19.666,41.123,12.0,19.3,270.0,4,0.17097549664392137,0.5780364054787495
2,OCO,12.0,Haas F1 Team,94.577,15.0,34.184,19.885,40.508,8.0,19.3,237.0,4,0.24289261240038879,0.5846574155138055
2,LAW,12.0,Red Bull Racing,94.064,16.0,33.347,19.571,41.146,11.0,19.3,261.0,4,0.18582331223956852,0.5790665214725881
2,BEA,12.0,Haas F1 Team,95.002,17.0,33.75,20.201,41.051,8.0,19.3,263.0,4,0.20773337868707548,0.5660069159673743
2,NOR,13.0,McLaren,91.318,1.0,32.701,19.369,39.248,13.0,19.3,279.0,4,0.13145501829029518,0.573885122821881
2,VER,13.0,Red Bull Racing,91.271,2.0,32.572,19.292,39.407,13.0,19.3,281.0,4,0.1275093011707485,0.5724129645430043
2,PIA,13.0,McLaren,91.377,3.0,32.68,18.981,39.716,13.0,19.3,274.0,4,0.13719875834188452,0.5781678128208583
2,RUS,13.0,Mercedes,92.364,4.0,33.147,19.431,39.786,13.0,19.3,286.0,4,0.12922844867317648,0.5712042102562501
2,LEC,13.0,Ferrari,92.198,5.0,32.808,19.51,39.88,13.0,19.3,274.0,4,0.14441665547114868,0.576811353060255
2,TSU,13.0,Racing Bulls,92.762,6.0,33.017,19.482,40.263,13.0,19.3,262.0,4,0.16533071095339277,0.5850008254378172
2,ALB,13.0,Williams,93.153,7.0,32.977,19.626,40.55,11.0,19.3,256.0,4,0.1867288862294611,0.5804354591656576
2,HAM,13.0,Ferrari,93.017,8.0,33.163,19.171,40.683,13.0,19.3,258.0,4,0.17170786509922148,0.5890865629372404
2,GAS,13.0,Alpine,93.275,9.0,33.245,19.662,40.368,13.0,19.3,273.0,4,0.15411070027152948,0.5786236481700807
2,ALO,13.0,Aston Martin,93.515,10.0,33.419,19.468,40.628,13.0,19.3,261.0,4,0.17241729107180362,0.5872640276138007
2,STR,13.0,Aston Martin,93.899,11.0,33.728,19.743,40.428,9.0,19.3,275.0,4,0.1774491536090333,0.5640598148360499
2,HUL,13.0,Kick Sauber,94.064,12.0,33.86,19.63,40.574,13.0,19.3,274.0,4,0.15931414708443853,0.5806126479868932
2,ANT,13.0,Mercedes,93.697,13.0,33.611,19.396,40.69,13.0,19.3,261.0,4,0.1738752540741139,0.5882928584714392
2,BOR,13.0,Kick Sauber,94.383,14.0,33.907,19.633,40.843,13.0,19.3,261.0,4,0.17979936675758698,0.5886481888110939
2,OCO,13.0,Haas F1 Team,93.936,15.0,33.814,19.76,40.362,9.0,19.3,261.0,4,0.19803191459718877,0.5728297855189489
2,LAW,13.0,Red Bull Racing,94.316,16.0,33.359,19.473,41.484,12.0,19.3,276.0,4,0.16031687176745563,0.5741133502709375
2,BEA,13.0,Haas F1 Team,94.25,17.0,33.681,20.049,40.52,9.0,19.3,271.0,4,0.1861695815442143,0.5652065352195772
2,NOR,14.0,McLaren,90.795,1.0,32.293,19.273,39.229,14.0,19.3,282.0,4,0.11716031259964099,0.5745092806841628
2,VER,14.0,Red Bull Racing,90.639,2.0,32.137,19.124,39.378,14.0,19.3,282.0,4,0.11506147729232366,0.5743931888160191
2,PIA,14.0,McLaren,90.555,3.0,32.338,18.899,39.318,14.0,19.3,273.0,4,0.12729466973362935,0.5814550820941552
2,RUS,14.0,Mercedes,91.856,4.0,32.788,19.377,39.691,14.0,19.3,284.0,4,0.12251788388207696,0.5749110925705675
2,LEC,14.0,Ferrari,92.448,5.0,32.779,19.371,40.298,14.0,19.3,279.0,4,0.13282622372792374,0.5778868479674153
2,TSU,14.0,Racing Bulls,92.434,6.0,32.69,19.503,40.241,14.0,19.3,278.0,4,0.13437491509013982,0.5776693221012748
2,ALB,14.0,Williams,92.717,7.0,32.616,19.518,40.583,12.0,19.3,257.0,4,0.17589925232009754,0.582500443595908
2,HAM,14.0,Ferrari,92.992,8.0,33.133,19.416,40.443,14.0,19.3,268.0,4,0.15308781438923716,0.5858156760800006
2,GAS,14.0,Alpine,92.859,9.0,32.923,19.508,40.428,14.0,19.3,274.0,4,0.14335287669334904,0.5810074020632048
2,ALO,14.0,Aston Martin,92.664,10.0,32.924,19.455,40.285,14.0,19.3,272.0,4,0.14492041929618416,0.5824180014538665
2,STR,14.0,Aston Martin,93.097,11.0,33.48,19.638,39.979,10.0,19.3,273.0,4,0.16935840091212376,0.5684179825142732
2,HUL,14.0,Kick Sauber,95.018,13.0,33.672,19.689,41.657,14.0,19.3,279.0,4,0.15177179292115378,0.5803050682602575
2,ANT,14.0,Mercedes,93.802,12.0,33.699,19.47,40.633,14.0,19.3,268.0,4,0.15999779496539276,0.5879091334732692
2,BOR,14.0,Kick Sauber,94.102,14.0,33.309,19.414,41.379,14.0,19.3,281.0,4,0.1413111867081929,0.5786085325928977
2,OCO,14.0,Haas F1 Team,93.526,15.0,33.676,19.492,40.358,10.0,19.3,262.0,4,0.18756141567969983,0.5763656262289717
2,LAW,14.0,Red Bull Racing,93.617,16.0,33.356,19.69,40.571,13.0,19.3,258.0,4,0.17793366448140252,0.5880455555505887
2,BEA,14.0,Haas F1 Team,93.732,17.0,33.539,19.874,40.319,10.0,19.3,270.0,4,0.17833462522833202,0.5696210281654004
2,NOR,15.0,McLaren,90.226,1.0,32.127,19.243,38.856,15.0,19.3,281.0,4,0.10955866292048086,0.5783253932679007
2,VER,15.0,Red Bull Racing,90.328,2.0,31.945,18.879,39.504,15.0,19.3,287.0,4,0.09930919633246782,0.5751990541449695
2,PIA,15.0,McLaren,90.343,3.0,32.263,18.681,39.399,15.0,19.3,278.0,4,0.11266279920006989,0.582642902806375
2,RUS,15.0,Mercedes,91.885,4.0,32.609,19.336,39.94,15.0,19.3,281.0,4,0.12094191396742845,0.5798869288123263
2,LEC,15.0,Ferrari,91.846,5.0,32.501,19.473,39.872,15.0,19.3,285.0,4,0.1151681849288427,0.5765478067248629
2,TSU,15.0,Racing Bulls,92.545,6.0,32.593,19.583,40.369,15.0,19.3,260.0,4,0.15547408660896456,0.5916409380802735
2,ALB,15.0,Williams,92.733,7.0,32.697,19.708,40.328,13.0,19.3,259.0,4,0.16912433925539747,0.5847186910503643
2,HAM,15.0,Ferrari,92.763,8.0,32.838,19.117,40.808,15.0,19.3,270.0,4,0.14142636109245002,0.5881964690776867
2,GAS,15.0,Alpine,92.744,9.0,33.106,19.515,40.123,15.0,19.3,271.0,4,0.14263126870263756,0.5873152790858989
2,ALO,15.0,Aston Martin,92.324,10.0,32.913,19.374,40.037,15.0,19.3,275.0,4,0.13326978511962823,0.5846129905102609
2,STR,15.0,Aston Martin,92.382,11.0,33.172,19.573,39.637,11.0,19.3,272.0,4,0.16024620437910667,0.5717798120605703
2,ANT,15.0,Mercedes,92.212,12.0,33.126,19.42,39.666,15.0,19.3,290.0,4,0.11230474461515919,0.5762541259696673
2,HUL,15.0,Kick Sauber,93.611,13.0,33.546,19.562,40.503,15.0,19.3,266.0,4,0.15645319248961104,0.5919386041664947
2,BOR,15.0,Kick Sauber,93.692,14.0,33.416,19.392,40.884,15.0,19.3,283.0,4,0.1314208302472688,0.5816943281463456
2,OCO,15.0,Haas F1 Team,93.703,15.0,33.827,19.464,40.412,11.0,19.3,260.0,4,0.18673680188078615,0.5820400816740549
2,LAW,15.0,Red Bull Racing,93.502,16.0,33.265,19.495,40.742,14.0,19.3,258.0,4,0.17099612400944372,0.5921095368284246
2,BEA,15.0,Haas F1 Team,93.885,17.0,33.606,19.939,40.34,11.0,19.3,281.0,4,0.15889361929054224,0.5667571374058844
2,NOR,16.0,McLaren,89.952,1.0,31.957,19.167,38.828,16.0,19.3,281.0,4,0.10193575538503818,0.5816612702611708
2,VER,16.0,Red Bull Racing,90.592,2.0,31.921,19.071,39.6,16.0,19.3,297.0,4,0.08207172740349802,0.5721192280782152
2,PIA,16.0,McLaren,90.722,3.0,32.097,18.694,39.931,16.0,19.3,279.0,4,0.10757467024443326,0.5850419453369542
2,RUS,16.0,Mercedes,91.739,4.0,32.718,19.364,39.657,16.0,19.3,288.0,4,0.10558221781188212,0.5797641817393949
2,LEC,16.0,Ferrari,91.832,5.0,32.449,19.424,39.959,16.0,19.3,288.0,4,0.10527175667914979,0.5784435358583907
2,TSU,16.0,Racing Bulls,92.133,6.0,32.705,19.327,40.101,16.0,19.3,271.0,4,0.1317760107052095,0.590109015073083
2,ALB,16.0,Williams,92.464,7.0,32.739,19.55,40.175,14.0,19.3,267.0,4,0.15061926841383025,0.5843668974905727
2,HAM,16.0,Ferrari,92.749,8.0,32.938,19.4,40.411,16.0,19.3,269.0,4,0.13923140627407254,0.5919888506372607
2,GAS,16.0,Alpine,92.445,9.0,32.952,19.527,39.966,16.0,19.3,270.0,4,0.1367303697502169,0.5910189483183266
2,ALO,16.0,Aston Martin,92.521,10.0,32.518,18.922,41.081,16.0,19.3,258.0,4,0.14999703945253645,0.598591818884398
2,STR,16.0,Aston Martin,92.554,11.0,33.147,19.518,39.889,12.0,19.3,275.0,4,0.1514495348523413,0.5737962803078014
2,ANT,16.0,Mercedes,97.326,13.0,37.533,19.464,40.329,16.0,19.3,294.0,4,0.14717070407276683,0.5952645051003022
2,HUL,16.0,Kick Sauber,93.856,12.0,33.705,19.438,40.713,16.0,19.3,272.0,4,0.1442203752524183,0.5931305871898229
2,BOR,16.0,Kick Sauber,94.111,14.0,33.534,19.498,41.079,16.0,19.3,283.0,4,0.12949793593155842,0.5855428610099789
2,OCO,16.0,Haas F1 Team,93.951,15.0,33.729,19.438,40.784,12.0,19.3,254.0,4,0.1910226669838967,0.5891006494326223
2,LAW,16.0,Red Bull Racing,93.915,16.0,33.178,19.237,41.5,15.0,19.3,262.0,4,0.16099384467918815,0.5939545946263894
2,BEA,16.0,Haas F1 Team,93.395,17.0,33.143,19.852,40.4,12.0,19.3,276.0,4,0.15600784168580992,0.5719658770090018
2,NOR,17.0,McLaren,90.264,1.0,31.99,19.045,39.229,17.0,19.3,284.0,4,0.09385490808145178,0.5841402908256852
2,VER,17.0,Red Bull Racing,93.392,3.0,32.432,19.003,41.957,17.0,19.3,285.0,4,0.11112246476286028,0.5853114188989899
2,PIA,17.0,McLaren,90.696,2.0,32.231,18.692,39.773,17.0,19.3,283.0,4,0.09712374229692941,0.5869354172684174
2,RUS,17.0,Mercedes,91.597,4.0,32.426,19.226,39.945,17.0,19.3,284.0,4,0.10364068505662535,0.5852270362789569
2,LEC,17.0,Ferrari,92.502,5.0,32.353,19.305,40.844,17.0,19.3,286.0,4,0.10577933602070938,0.5833873212526621
2,TSU,17.0,Racing Bulls,92.645,6.0,32.462,19.35,40.833,17.0,19.3,279.0,4,0.1171674438060421,0.5879099081686399
2,ALB,17.0,Williams,93.088,7.0,32.561,19.584,40.943,15.0,19.3,259.0,4,0.1597473859745642,0.5920786587213168
2,HAM,17.0,Ferrari,92.83,8.0,32.88,19.229,40.721,17.0,19.3,272.0,4,0.1293193600287343,0.5942771180183378
2,GAS,17.0,Alpine,92.795,9.0,32.773,19.338,40.684,17.0,19.3,270.0,4,0.13201132339980828,0.5946720252212581
2,ALO,17.0,Aston Martin,92.966,10.0,32.745,19.316,40.905,17.0,19.3,259.0,4,0.14843125059818413,0.6012834418169717
2,STR,17.0,Aston Martin,93.388,11.0,33.382,19.49,40.516,13.0,19.3,275.0,4,0.15170073154365324,0.5785659201000469
2,HUL,17.0,Kick Sauber,94.817,13.0,33.248,19.522,42.047,17.0,19.3,277.0,4,0.1357504170542665,0.5916288652433592
2,ANT,17.0,Mercedes,92.312,12.0,33.045,19.059,40.208,17.0,19.3,277.0,4,0.11929897507269047,0.5925490672775102
2,BOR,17.0,Kick Sauber,94.756,14.0,33.665,19.336,41.755,17.0,19.3,284.0,4,0.12631343328505193,0.5897548798780475
2,OCO,17.0,Haas F1 Team,94.737,15.0,33.862,19.472,41.403,13.0,19.4,268.0,4,0.16206517167775045,0.5211276906804769
2,LAW,17.0,Red Bull Racing,94.575,16.0,33.857,19.442,41.276,16.0,19.4,266.0,4,0.1484991335394457,0.5336985724287182
2,BEA,17.0,Haas F1 Team,94.527,17.0,33.939,19.628,40.96,13.0,19.4,263.0,4,0.16900784627184762,0.5239439630137264
2,NOR,18.0,McLaren,90.146,1.0,31.867,18.988,39.291,18.0,19.4,283.0,4,0.07994502909650086,0.5245662941253988
2,PIA,18.0,McLaren,90.143,2.0,31.77,18.987,39.386,18.0,19.4,281.0,4,0.08239074243459008,0.525381772088137
2,VER,18.0,Red Bull Racing,92.169,3.0,32.55,18.956,40.663,18.0,19.4,271.0,4,0.11070986614483322,0.5346326700796178
2,RUS,18.0,Mercedes,91.74,4.0,32.524,19.143,40.073,18.0,19.4,279.0,4,0.09763395939658137,0.5290590586223948
2,LEC,18.0,Ferrari,92.614,5.0,32.366,19.295,40.953,18.0,19.4,282.0,4,0.0981445147575215,0.5260128091027689
2,TSU,18.0,Racing Bulls,93.444,6.0,33.166,19.472,40.806,18.0,19.4,259.0,4,0.13941347438626495,0.5425685004521497
2,ALB,18.0,Williams,92.981,7.0,32.835,19.417,40.729,16.0,19.4,252.0,4,0.15557394614014156,0.5381522562836517
2,HAM,18.0,Ferrari,92.877,8.0,32.739,18.926,41.212,18.0,19.4,267.0,4,0.12091402803138307,0.5378939983902227
2,GAS,18.0,Alpine,93.124,9.0,32.863,19.329,40.932,18.0,19.4,269.0,4,0.12159558919028896,0.5357813511254591
2,ALO,18.0,Aston Martin,92.698,10.0,32.791,19.169,40.738,18.0,19.4,259.0,4,0.13257005614697254,0.5421204598441459
2,STR,18.0,Aston Martin,93.631,11.0,33.579,19.552,40.5,14.0,19.4,260.0,4,0.1615048753524761,0.5283518299006895
2,ANT,18.0,Mercedes,92.181,12.0,32.902,19.203,40.076,18.0,19.4,291.0,4,0.08468792417003831,0.5231140167922977
2,HUL,18.0,Kick Sauber,93.796,13.0,33.341,19.377,41.078,18.0,19.4,272.0,4,0.12309667879633357,0.5357252005288295
2,BOR,18.0,Kick Sauber,93.892,14.0,33.401,19.278,41.213,18.0,19.4,287.0,4,0.10205263486031696,0.5272268481049562
2,OCO,18.0,Haas F1 Team,95.309,15.0,33.567,19.47,42.272,14.0,19.4,263.0,4,0.16601364757105702,0.5266693294481285
2,LAW,18.0,Red Bull Racing,95.002,16.0,33.297,19.167,42.538,17.0,19.4,272.0,4,0.13376711270555566,0.5324440911505237
2,BEA,18.0,Haas F1 Team,94.527,17.0,33.613,19.513,41.401,14.0,19.4,267.0,4,0.15639455071548566,0.5243345094532901
2,NOR,19.0,McLaren,90.551,1.0,31.922,19.008,39.621,19.0,19.4,283.0,4,0.07733430319167897,0.5284545337374926
2,PIA,19.0,McLaren,90.816,2.0,32.011,18.926,39.879,19.0,19.4,284.0,4,0.07736820144949211,0.5284836390376041
2,VER,19.0,Red Bull Racing,91.939,3.0,32.547,19.002,40.39,19.0,19.4,273.0,4,0.10165134444736199,0.5370192125290006
2,RUS,19.0,Mercedes,92.189,4.0,32.91,19.139,40.14,19.0,19.4,277.0,4,0.0993331820587176,0.5356010947423736
2,LEC,19.0,Ferrari,91.861,5.0,32.446,19.13,40.285,19.0,19.4,285.0,4,0.0842448141905455,0.5288983281442119
2,TSU,19.0,Racing Bulls,93.496,6.0,33.282,19.371,40.843,19.0,19.4,243.0,4,0.1574265899768622,0.5568366990857053
2,ALB,19.0,Williams,93.051,7.0,33.147,19.406,40.498,17.0,19.4,255.0,4,0.1477451100019144,0.5414092221008902
2,HAM,19.0,Ferrari,92.914,8.0,33.121,18.861,40.932,19.0,19.4,273.0,4,0.10867833870707899,0.5398116882595229
2,GAS,19.0,Alpine,92.462,9.0,32.918,19.141,40.403,19.0,19.4,268.0,4,0.11370255318835562,0.5410603072514611
2,ALO,19.0,Aston Martin,92.28,10.0,32.507,18.762,41.011,19.0,19.4,254.0,4,0.1294492219229164,0.5491708874636406
2,STR,19.0,Aston Martin,92.684,11.0,33.07,19.43,40.184,15.0,19.4,275.0,4,0.12726544254813324,0.5214097723322254
2,ANT,19.0,Mercedes,91.942,12.0,32.822,19.108,40.012,19.0,19.4,283.0,4,0.08894465243019106,0.5317281624235489
2,HUL,19.0,Kick Sauber,93.52,13.0,33.281,19.41,40.829,19.0,19.4,284.0,4,0.09924316078624537,0.531869851394625
2,BOR,19.0,Kick Sauber,93.906,14.0,33.356,19.242,41.308,19.0,19.4,281.0,4,0.10522752754456388,0.5345542642182302
2,OCO,19.0,Haas F1 Team,96.266,16.0,33.414,19.397,43.455,15.0,19.4,273.0,4,0.15094269563730783,0.5239356455352359
2,LAW,19.0,Red Bull Racing,94.695,15.0,33.159,19.007,42.529,18.0,19.4,260.0,4,0.14285335277961891,0.5434710221593038
2,BEA,19.0,Haas F1 Team,94.065,17.0,33.454,19.435,41.176,15.0,19.4,259.0,4,0.15918826199117558,0.5325780027242497
2,NOR,20.0,McLaren,90.71,1.0,32.482,19.053,39.175,20.0,19.4,289.0,4,0.06693555109399948,0.5307161006517195
2,PIA,20.0,McLaren,90.159,2.0,31.769,18.968,39.422,20.0,19.4,286.0,4,0.06500588926371276,0.5299261196949656
2,VER,20.0,Red Bull Racing,91.598,3.0,32.354,19.009,40.235,20.0,19.4,275.0,4,0.0910659105699485,0.5387656942817252
2,RUS,20.0,Mercedes,91.315,4.0,32.42,19.147,39.748,20.0,19.4,281.0,4,0.0818018282704695,0.5349428271978681
2,LEC,20.0,Ferrari,91.756,5.0,32.64,19.249,39.867,20.0,19.4,284.0,4,0.08123876974481395,0.533651572451143
2,TSU,20.0,Racing Bulls,92.549,6.0,33.081,19.254,40.214,20.0,19.4,256.0,4,0.1272864362806299,0.5523558922282983
2,ALB,20.0,Williams,92.356,7.0,32.781,19.214,40.361,18.0,19.4,259.0,4,0.1308481026422552,0.5419438562328613
2,HAM,20.0,Ferrari,92.341,8.0,33.025,18.909,40.407,20.0,19.4,272.0,4,0.1016603859632626,0.5436457177104392
2,GAS,20.0,Alpine,92.327,9.0,32.703,19.09,40.534,20.0,19.4,275.0,4,0.09678227349878937,0.5398773674822283
2,ALO,20.0,Aston Martin,92.61,10.0,32.675,18.901,41.034,20.0,19.4,269.0,4,0.10598382452481311,0.5440334241484877
2,STR,20.0,Aston Martin,92.58,11.0,33.039,19.371,40.17,16.0,19.4,282.0,4,0.11121356987552755,0.5210099443635834
2,ANT,20.0,Mercedes,91.319,12.0,32.598,19.093,39.628,20.0,19.4,289.0,4,0.07089623606839188,0.5310182235383196
2,HUL,20.0,Kick Sauber,93.867,13.0,32.992,19.306,41.569,20.0,19.4,278.0,4,0.10298337914799383,0.5384088247424851
2,BOR,20.0,Kick Sauber,93.328,14.0,33.261,19.15,40.917,20.0,19.4,288.0,4,0.08618975214489355,0.5340339360618175
2,LAW,20.0,Red Bull Racing,93.497,15.0,33.285,19.399,40.813,19.0,19.4,283.0,4,0.10051335967490008,0.5325313436783315
2,OCO,20.0,Haas F1 Team,94.392,16.0,33.915,19.385,41.092,16.0,19.4,256.0,4,0.16175202742315017,0.5402010123257879
2,BEA,20.0,Haas F1 Team,94.094,17.0,33.365,19.419,41.31,16.0,19.4,265.0,4,0.14523950747346231,0.5323879315277349
2,NOR,21.0,McLaren,90.234,1.0,31.839,18.967,39.428,21.0,19.4,287.0,4,0.05913549959604569,0.5333632098859757
2,PIA,21.0,McLaren,89.727,2.0,31.622,18.849,39.256,21.0,19.4,286.0,4,0.056430001787422746,0.5335152162705307
2,VER,21.0,Red Bull Racing,91.177,3.0,32.272,18.898,40.007,21.0,19.4,272.0,4,0.08712104635466866,0.5444104426396369
2,RUS,21.0,Mercedes,91.127,4.0,32.447,19.026,39.654,21.0,19.4,276.0,4,0.0823758330660776,0.5422678517680672
2,LEC,21.0,Ferrari,91.159,5.0,32.503,19.048,39.608,21.0,19.4,284.0,4,0.07145638846008687,0.5375760107413607
2,TSU,21.0,Racing Bulls,92.012,6.0,32.671,19.306,40.035,21.0,19.4,266.0,4,0.103544170778125,0.5482209853021487
2,ALB,21.0,Williams,92.036,7.0,32.606,19.344,40.086,19.0,19.4,272.0,4,0.10527657257316334,0.5366760893190169
2,HAM,21.0,Ferrari,92.079,8.0,32.861,18.776,40.442,21.0,19.4,281.0,4,0.0810522670917278,0.5417535403430319
2,GAS,21.0,Alpine,92.323,9.0,32.86,19.181,40.282,21.0,19.4,269.0,4,0.10119507307301556,0.5475969105621208
2,ALO,21.0,Aston Martin,92.545,10.0,32.459,18.616,41.47,21.0,19.4,263.0,4,0.10700219870244931,0.5515250615357896
2,STR,21.0,Aston Martin,92.429,11.0,33.022,19.304,40.103,17.0,19.4,282.0,4,0.10491019281874547,0.5249368912630229
2,ANT,21.0,Mercedes,91.042,12.0,32.385,18.992,39.665,21.0,19.4,284.0,4,0.07011197380183198,0.5372915566221326
2,HUL,21.0,Kick Sauber,93.22,13.0,33.16,19.336,40.724,21.0,19.4,285.0,4,0.08512637131690348,0.5385520639978528
2,BOR,21.0,Kick Sauber,93.35,14.0,33.17,19.132,41.048,21.0,19.4,288.0,4,0.08074356437426597,0.5374760741213619
2,LAW,21.0,Red Bull Racing,92.883,15.0,32.994,19.257,40.632,20.0,19.4,267.0,4,0.11309154639967192,0.5453067185325122
2,OCO,21.0,Haas F1 Team,93.391,16.0,33.421,19.169,40.801,17.0,19.4,267.0,4,0.13258768519361963,0.5360718608747393
2,BEA,21.0,Haas F1 Team,93.818,17.0,33.39,19.467,40.961,17.0,19.4,263.0,4,0.14175399215262954,0.53730759468402
2,NOR,22.0,McLaren,90.3,1.0,31.922,18.944,39.434,22.0,19.4,283.0,4,0.060306404307054085,0.5399581812486394
2,PIA,22.0,McLaren,90.214,2.0,32.012,18.884,39.318,22.0,19.4,280.0,4,0.06422129085533756,0.5423582856156705
2,VER,22.0,Red Bull Racing,91.04,3.0,32.48,18.943,39.617,22.0,19.4,279.0,4,0.07227588724237893,0.5446356490111401
3,RUS,22.0,Mercedes,91.029,4.0,32.528,19.123,39.378,22.0,19.2,277.0,4,0.09368014370859931,0.6726880114699489
3,LEC,22.0,Ferrari,90.695,5.0,32.11,19.024,39.561,22.0,19.2,285.0,4,0.07836478624853771,0.6664869207382553
3,TSU,22.0,Racing Bulls,91.567,6.0,32.422,19.246,39.899,22.0,19.2,267.0,4,0.1109787537810086,0.6778481788800429
3,ALB,22.0,Williams,92.053,7.0,32.52,19.255,40.278,20.0,19.2,278.0,4,0.10863457029908385,0.6640192979739518
3,HAM,22.0,Ferrari,92.041,8.0,32.551,18.8,40.69,22.0,19.2,281.0,4,0.09224870379564173,0.6714195420681986
3,GAS,22.0,Alpine,92.355,9.0,32.63,19.183,40.542,22.0,19.2,280.0,4,0.09731241652983155,0.6710035509140112
3,ALO,22.0,Aston Martin,93.282,10.0,32.923,19.602,40.757,22.0,19.2,280.0,4,0.10530579262886558,0.6707011079741402
2,STR,22.0,Aston Martin,94.269,12.0,32.986,19.452,41.831,18.0,19.2,284.0,4,0.12513748806000494,0.6539767585295649
3,ANT,22.0,Mercedes,91.887,11.0,32.452,18.953,40.482,22.0,19.2,290.0,4,0.07881780037422137,0.6650413309086217
3,HUL,22.0,Kick Sauber,93.185,13.0,33.304,19.367,40.514,22.0,19.2,282.0,4,0.10245419908419157,0.6718785713352357
3,BOR,22.0,Kick Sauber,92.734,14.0,32.833,19.204,40.697,22.0,19.2,289.0,4,0.08744580975874572,0.6662937782272564
3,LAW,22.0,Red Bull Racing,92.08,15.0,32.584,19.345,40.151,21.0,19.2,274.0,4,0.10999018722992712,0.6701466801271577
2,OCO,22.0,Haas F1 Team,93.533,16.0,33.389,19.224,40.92,18.0,19.2,270.0,4,0.14172660002677073,0.6649471261099826
2,BEA,22.0,Haas F1 Team,93.59,17.0,33.526,19.348,40.716,18.0,19.2,271.0,4,0.14167727353242454,0.6644721279772773
3,NOR,23.0,McLaren,89.922,1.0,31.865,18.917,39.14,23.0,19.2,288.0,4,0.06330522285517787,0.6678350536834105
3,PIA,23.0,McLaren,89.739,2.0,31.686,18.88,39.173,23.0,19.2,282.0,4,0.06999383007837157,0.6708707424083008
3,VER,23.0,Red Bull Racing,90.686,3.0,32.099,18.912,39.675,23.0,19.2,276.0,4,0.0855092200337953,0.6760356579788591
3,RUS,23.0,Mercedes,90.975,4.0,32.37,19.106,39.499,23.0,19.2,288.0,4,0.07186753814422245,0.6691948580133678
3,LEC,23.0,Ferrari,91.551,5.0,32.45,19.025,40.076,23.0,19.2,290.0,4,0.0721448131368522,0.6685592530066797
3,TSU,23.0,Racing Bulls,91.793,6.0,32.506,19.206,40.081,23.0,19.2,273.0,4,0.09869559490321694,0.6784414410336866
3,ALB,23.0,Williams,91.75,7.0,32.667,19.169,39.914,21.0,19.2,279.0,4,0.1006466530623514,0.6680906652980984
3,HAM,23.0,Ferrari,91.771,8.0,32.677,18.806,40.288,23.0,19.2,289.0,4,0.07475995748394187,0.6708449631171055
3,GAS,23.0,Alpine,92.438,9.0,32.769,19.18,40.489,23.0,19.2,272.0,4,0.1045878446146474,0.6801806881762593
3,ALO,23.0,Aston Martin,92.51,10.0,32.738,19.251,40.521,23.0,19.2,280.0,4,0.09374631987371843,0.6749585305356574
3,ANT,23.0,Mercedes,91.324,11.0,32.454,19.041,39.829,23.0,19.2,287.0,4,0.07526468617914783,0.6703504323194625
2,STR,23.0,Aston Martin,92.643,12.0,33.11,19.277,40.256,19.0,19.2,275.0,4,0.12370998894766078,0.6643966612086942
3,HUL,23.0,Kick Sauber,92.765,13.0,32.799,19.247,40.719,23.0,19.2,289.0,4,0.08253142676743952,0.6697584854443902
3,BOR,23.0,Kick Sauber,92.966,14.0,32.882,19.178,40.906,23.0,19.2,291.0,4,0.08081964868616803,0.6691161626071063
3,LAW,23.0,Red Bull Racing,92.622,15.0,32.984,19.307,40.331,22.0,19.2,267.0,4,0.11924233541201179,0.6798861835960338
2,OCO,23.0,Haas F1 Team,93.338,16.0,33.216,19.337,40.785,19.0,19.2,276.0,4,0.12675893716591907,0.6639776125317828
2,BEA,23.0,Haas F1 Team,93.342,17.0,33.184,19.371,40.787,19.0,19.2,273.0,4,0.13107457094883693,0.6655443524896004
3,NOR,24.0,McLaren,89.687,1.0,31.717,18.812,39.158,24.0,19.2,287.0,4,0.05728785419659982,0.6719651758550325
3,PIA,24.0,McLaren,89.626,2.0,31.595,18.958,39.073,24.0,19.2,286.0,4,0.058506786359725005,0.6715661309169242
3,VER,24.0,Red Bull Racing,90.978,3.0,32.243,18.994,39.741,24.0,19.2,275.0,4,0.08432070451430684,0.6806875403354142
3,RUS,24.0,Mercedes,90.673,4.0,32.023,19.104,39.546,24.0,19.2,279.0,4,0.07653295617551334,0.6769970763294135
3,LEC,24.0,Ferrari,90.732,5.0,32.099,19.026,39.607,24.0,19.2,287.0,4,0.06542163137971949,0.6727325937290587
3,TSU,24.0,Racing Bulls,91.38,6.0,32.366,19.163,39.851,24.0,19.2,272.0,4,0.0919962775623751,0.6824002472694026
3,ALB,24.0,Williams,91.868,7.0,32.559,19.139,40.17,22.0,19.2,281.0,4,0.09275523049495063,0.6702876435212731
3,HAM,24.0,Ferrari,91.852,8.0,32.592,18.648,40.612,24.0,19.2,283.0,4,0.07763074000251718,0.6784266752298721
3,GAS,24.0,Alpine,92.035,9.0,32.624,19.219,40.192,24.0,19.2,272.0,4,0.0968408533771169,0.6832285306584331
3,ALO,24.0,Aston Martin,91.665,10.0,32.237,19.253,40.175,24.0,19.2,278.0,4,0.08486186770853907,0.6779071366674917
3,ANT,24.0,Mercedes,90.822,11.0,32.33,18.978,39.514,24.0,19.2,293.0,4,0.05807497454077193,0.6702111683730009
3,STR,24.0,Aston Martin,92.102,12.0,32.976,19.283,39.843,20.0,19.2,281.0,4,0.10655637326271447,0.6639793828053384
3,HUL,24.0,Kick Sauber,92.469,13.0,32.825,19.345,40.299,24.0,19.2,288.0,4,0.07772387831973993,0.6739046155301809
3,BOR,24.0,Kick Sauber,92.369,14.0,32.738,19.157,40.474,24.0,19.2,290.0,4,0.07319012738852343,0.6729932971047959
3,LAW,24.0,Red Bull Racing,92.155,15.0,32.524,19.394,40.237,23.0,19.2,279.0,4,0.09297827739418218,0.6742089338750519
3,OCO,24.0,Haas F1 Team,93.048,16.0,33.089,19.269,40.69,20.0,19.2,272.0,4,0.12495799422445517,0.6698857385822092
3,BEA,24.0,Haas F1 Team,93.042,17.0,33.076,19.422,40.544,20.0,19.2,272.0,4,0.12551477342829187,0.6693021899029975
3,NOR,25.0,McLaren,89.601,1.0,31.927,18.809,38.865,25.0,19.2,283.0,4,0.05821662910548736,0.6790226085051239
3,PIA,25.0,McLaren,89.295,2.0,31.593,18.778,38.924,25.0,19.2,290.0,4,0.045100018482201853,0.673535309250238
3,VER,25.0,Red Bull Racing,90.845,3.0,32.279,18.911,39.655,25.0,19.2,278.0,4,0.0739810739112805,0.6830704483792953
3,RUS,25.0,Mercedes,90.488,4.0,32.021,19.014,39.453,25.0,19.2,291.0,4,0.05289248444424188,0.6738013607424491
3,LEC,25.0,Ferrari,90.251,5.0,31.754,18.94,39.557,25.0,19.2,287.0,4,0.05592794574894916,0.6753953760290821
3,TSU,25.0,Racing Bulls,91.38,6.0,32.277,19.314,39.789,25.0,19.2,278.0,4,0.07858891783834868,0.6816329762444809
3,ALB,25.0,Williams,91.014,7.0,32.264,19.137,39.613,23.0,19.2,272.0,4,0.09460811531023139,0.6783370384939409
3,HAM,25.0,Ferrari,90.86,8.0,32.254,18.764,39.842,25.0,19.2,284.0,4,0.06479022500687065,0.6798431831004959
3,GAS,25.0,Alpine,91.622,9.0,32.743,19.12,39.759,25.0,19.2,275.0,4,0.08523288183806021,0.6860253150843325
3,ALO,25.0,Aston Martin,91.761,10.0,32.2,19.134,40.427,25.0,19.2,282.0,4,0.0739072313051283,0.679495142933468
3,ANT,25.0,Mercedes,90.706,11.0,32.088,19.045,39.573,25.0,19.2,299.0,4,0.04307199121827726,0.6691124109454754
3,STR,25.0,Aston Martin,92.092,12.0,32.667,19.19,40.235,21.0,19.2,285.0,4,0.09404826018963314,0.6643642248117319
3,HUL,25.0,Kick Sauber,91.975,13.0,32.628,19.271,40.076,25.0,19.2,289.0,4,0.06737226053053635,0.676530149275515
3,BOR,25.0,Kick Sauber,92.235,14.0,32.743,19.145,40.347,25.0,19.2,289.0,4,0.06872405659287417,0.677424606637504
3,LAW,25.0,Red Bull Racing,91.959,15.0,32.698,19.163,40.098,24.0,19.2,285.0,4,0.07794431965711382,0.6758600907539986
3,OCO,25.0,Haas F1 Team,92.538,16.0,32.968,19.225,40.345,21.0,19.2,279.0,4,0.10638990605304097,0.6690879196741129
3,BEA,25.0,Haas F1 Team,92.613,17.0,32.813,19.274,40.526,21.0,19.2,272.0,4,0.11637202452899226,0.6725142500478395
3,NOR,26.0,McLaren,89.16,1.0,31.638,18.793,38.729,26.0,19.2,289.0,4,0.04090086613304028,0.6780376949909555
3,PIA,26.0,McLaren,89.133,2.0,31.668,18.835,38.63,26.0,19.2,293.0,4,0.03534383452673601,0.6755951211492738
3,VER,26.0,Red Bull Racing,90.293,3.0,32.159,18.938,39.196,26.0,19.2,286.0,4,0.05405863746657885,0.6814276173712143
3,RUS,26.0,Mercedes,90.111,4.0,31.996,18.996,39.119,26.0,19.2,286.0,4,0.05265741695380877,0.6805666684007029
3,LEC,26.0,Ferrari,90.34,5.0,31.933,19.002,39.405,26.0,19.2,288.0,4,0.05083206847853894,0.6790618043483438
3,TSU,26.0,Racing Bulls,91.205,6.0,32.232,19.055,39.918,26.0,19.2,274.0,4,0.07694278881605351,0.6885338012033407
3,ALB,26.0,Williams,91.309,7.0,32.562,19.127,39.62,24.0,19.2,272.0,4,0.09223712535044373,0.6833359425171655
3,HAM,26.0,Ferrari,91.302,8.0,32.531,18.781,39.99,26.0,19.2,286.0,4,0.06040053503678122,0.683442198382887
3,GAS,26.0,Alpine,90.928,9.0,32.305,19.052,39.571,26.0,19.2,282.0,4,0.06429594663559146,0.6840171608163549
3,ALO,26.0,Aston Martin,91.343,10.0,32.324,19.17,39.849,26.0,19.2,288.0,4,0.058579100751064594,0.6800282545098599
3,ANT,26.0,Mercedes,91.299,11.0,32.94,18.942,39.417,26.0,19.2,292.0,4,0.054129726295683245,0.6809343654840914
3,STR,26.0,Aston Martin,91.547,12.0,32.676,19.358,39.513,22.0,19.2,284.0,4,0.08810441231316835,0.6682126860850648
3,HUL,26.0,Kick Sauber,91.81,13.0,32.653,19.338,39.819,26.0,19.2,291.0,4,0.05886877143035185,0.6789552165554096
3,BOR,26.0,Kick Sauber,91.425,14.0,32.394,19.048,39.983,26.0,19.2,291.0,4,0.054516269990325106,0.6789178044910892
3,LAW,26.0,Red Bull Racing,91.129,15.0,32.146,19.066,39.917,25.0,19.2,279.0,4,0.07422874040727861,0.6813631708277685
3,OCO,26.0,Haas F1 Team,92.54,16.0,32.87,19.322,40.348,22.0,19.2,278.0,4,0.1027147097512684,0.6727092928492747
3,BEA,26.0,Haas F1 Team,92.577,17.0,32.854,19.376,40.347,22.0,19.2,283.0,4,0.09594877513674305,0.6694264475106332
3,NOR,27.0,McLaren,89.25,1.0,31.708,18.743,38.799,27.0,19.2,291.0,4,0.03348093047256051,0.6810382387872193
3,PIA,27.0,McLaren,89.037,2.0,31.514,18.857,38.666,27.0,19.2,287.0,4,0.03772628935144212,0.6822794950640003
3,VER,27.0,Red Bull Racing,89.731,3.0,31.904,18.868,38.959,27.0,19.2,283.0,4,0.04882576473918265,0.6862267326436657
3,RUS,27.0,Mercedes,89.863,4.0,31.797,18.898,39.168,27.0,19.2,283.0,4,0.04924768660614076,0.6856744459890199
3,LEC,27.0,Ferrari,90.563,5.0,32.068,19.011,39.484,27.0,19.2,291.0,4,0.04321949078648729,0.681511807860345
3,TSU,27.0,Racing Bulls,91.066,6.0,32.239,19.137,39.69,27.0,19.2,280.0,4,0.0628679538744697,0.6884091698462883
3,ALB,27.0,Williams,90.452,7.0,32.063,19.107,39.282,25.0,19.2,275.0,4,0.07607177155526168,0.6833421969174998
3,HAM,27.0,Ferrari,90.755,8.0,32.184,18.685,39.886,27.0,19.2,296.0,4,0.0362339402540961,0.6800802401033302
3,GAS,27.0,Alpine,90.635,9.0,32.169,19.002,39.464,27.0,19.2,279.0,4,0.06109202287672988,0.6892205128555194
3,ALO,27.0,Aston Martin,90.895,10.0,32.032,19.001,39.862,27.0,19.2,277.0,4,0.06481716763405329,0.6898555675898359
3,ANT,27.0,Mercedes,90.463,11.0,32.082,18.871,39.51,27.0,19.2,293.0,4,0.03928895170095004,0.6808497462401246
3,STR,27.0,Aston Martin,91.408,12.0,32.397,19.166,39.845,23.0,19.2,289.0,4,0.07316887430307853,0.6684664350559955
3,HUL,27.0,Kick Sauber,91.118,13.0,32.379,19.173,39.566,27.0,19.2,291.0,4,0.0481723375631406,0.6821967467485863
3,BOR,27.0,Kick Sauber,91.406,14.0,32.44,19.001,39.965,27.0,19.2,292.0,4,0.0478433406023695,0.682421242499101
3,LAW,27.0,Red Bull Racing,91.094,15.0,32.249,19.096,39.749,26.0,19.2,276.0,4,0.07372273248013092,0.687257270208584
3,OCO,27.0,Haas F1 Team,92.302,16.0,32.778,19.238,40.286,23.0,19.2,280.0,4,0.09271325187549048,0.67518071580025
3,BEA,27.0,Haas F1 Team,92.507,17.0,32.949,19.382,40.176,23.0,19.2,285.0,4,0.08798786664483146,0.6723453564403151
3,NOR,28.0,McLaren,89.097,1.0,31.595,18.795,38.707,28.0,19.2,290.0,4,0.028709531196991933,0.6847631979610276
3,PIA,28.0,McLaren,88.629,2.0,31.511,18.64,38.478,28.0,19.2,289.0,4,0.026591646388289758,0.6855884828566783
3,VER,28.0,Red Bull Racing,89.411,3.0,31.769,18.848,38.794,28.0,19.1,286.0,4,0.04587990653761387,0.751332305878773
3,RUS,28.0,Mercedes,89.696,4.0,31.673,18.841,39.182,28.0,19.1,287.0,4,0.04560124335406274,0.7503388485659757
3,LEC,28.0,Ferrari,89.723,5.0,31.671,18.863,39.189,28.0,19.1,288.0,4,0.04440699511364099,0.749647212826445
3,TSU,28.0,Racing Bulls,90.709,6.0,32.024,19.006,39.679,28.0,19.1,277.0,4,0.06749319393870659,0.7572056236543179
3,ALB,28.0,Williams,90.332,7.0,32.112,19.035,39.185,26.0,19.1,283.0,4,0.06760333078421216,0.7463456896092696
3,HAM,28.0,Ferrari,90.143,8.0,31.957,18.498,39.688,28.0,19.1,293.0,4,0.03918179639612601,0.7490367699165362
3,GAS,28.0,Alpine,90.382,9.0,32.019,18.955,39.408,28.0,19.1,277.0,4,0.06547078206248247,0.7573815011415818
3,ALO,28.0,Aston Martin,90.652,10.0,32.03,19.067,39.555,28.0,19.1,291.0,4,0.04749417364067976,0.748545071086209
3,ANT,28.0,Mercedes,90.716,11.0,32.111,18.504,40.101,28.0,19.1,296.0,4,0.038675685274353555,0.7477987686040962
3,STR,28.0,Aston Martin,90.725,12.0,32.017,19.156,39.552,24.0,19.1,293.0,4,0.06587791651719013,0.7319453591744937
3,HUL,28.0,Kick Sauber,90.801,13.0,32.247,19.196,39.358,28.0,19.1,289.0,4,0.0525660787074686,0.750192988621919
3,BOR,28.0,Kick Sauber,90.755,14.0,32.268,18.908,39.579,28.0,19.1,290.0,4,0.04976460387475373,0.7506750790867471
3,LAW,28.0,Red Bull Racing,91.084,15.0,31.836,19.568,39.68,27.0,19.1,277.0,4,0.0762808592231993,0.7507055220303736
3,OCO,28.0,Haas F1 Team,92.21,16.0,32.499,19.286,40.425,24.0,19.1,283.0,4,0.09072646544486579,0.7394442262823064
3,BEA,28.0,Haas F1 Team,94.505,17.0,32.809,20.948,40.748,24.0,19.1,282.0,4,0.11290722166227304,0.7354259109182423
3,NOR,29.0,McLaren,88.357,1.0,31.183,18.556,38.618,29.0,19.1,291.0,4,0.024298090056887045,0.7507242759871029
3,PIA,29.0,McLaren,88.188,2.0,31.358,18.343,38.487,29.0,19.1,292.0,4,0.02175113414444546,0.75158753207117
3,VER,29.0,Red Bull Racing,89.043,3.0,31.543,18.815,38.685,29.0,19.1,289.0,4,0.033421559141073864,0.7524777552902289
3,RUS,29.0,Mercedes,89.488,4.0,31.568,18.86,39.06,29.0,19.1,292.0,4,0.03186529887840811,0.7505813524503623
3,LEC,29.0,Ferrari,89.492,5.0,31.588,18.944,38.96,29.0,19.1,291.0,4,0.033745094852552615,0.7509777305170913
3,TSU,29.0,Racing Bulls,90.031,6.0,31.92,18.945,39.166,29.0,19.1,284.0,4,0.048002529509142244,0.7565467978755129
3,ALB,29.0,Williams,90.023,7.0,31.76,19.016,39.247,27.0,19.1,280.0,4,0.06358209463052902,0.7505535996764805
3,HAM,29.0,Ferrari,90.127,8.0,31.912,18.584,39.631,29.0,19.1,297.0,4,0.028441980571278835,0.7498879054593872
3,GAS,29.0,Alpine,90.051,9.0,31.855,18.938,39.258,29.0,19.1,284.0,4,0.04782387261868282,0.7563023593570569
3,ALO,29.0,Aston Martin,89.718,10.0,31.491,18.976,39.251,29.0,19.1,296.0,4,0.027598392826524765,0.7474264439927858
3,ANT,29.0,Mercedes,89.919,11.0,31.785,18.794,39.34,29.0,19.1,297.0,4,0.02767897772727107,0.7486497330609536
3,STR,29.0,Aston Martin,90.935,12.0,32.319,19.146,39.47,25.0,19.1,288.0,4,0.0701888887285349,0.7399934049120718
3,HUL,29.0,Kick Sauber,90.378,13.0,32.112,19.125,39.141,29.0,19.1,290.0,4,0.042862190877303086,0.753059012592651
3,BOR,29.0,Kick Sauber,91.329,14.0,32.451,19.079,39.799,29.0,19.1,291.0,4,0.04779456090132972,0.7539509491889254
3,LAW,29.0,Red Bull Racing,90.803,15.0,32.139,19.191,39.473,28.0,19.1,277.0,4,0.0692405954640504,0.7570319064934069
3,OCO,29.0,Haas F1 Team,93.743,16.0,34.667,19.133,39.943,25.0,19.1,277.0,4,0.1105283446229455,0.756193430681097
3,NOR,30.0,McLaren,88.032,1.0,31.395,18.641,37.996,30.0,19.1,292.0,4,0.017165342406130435,0.7544716595394305
3,PIA,30.0,McLaren,88.331,2.0,31.431,18.388,38.512,30.0,19.1,294.0,4,0.015031275348695305,0.7542678983929332
3,BEA,29.0,Haas F1 Team,91.267,17.0,32.417,19.13,39.72,25.0,19.1,278.0,4,0.0865899683760604,0.7464873766541608
3,VER,30.0,Red Bull Racing,88.237,3.0,31.103,18.635,38.499,30.0,19.1,292.0,4,0.017099330963479487,0.7532784313048422
3,RUS,30.0,Mercedes,89.789,4.0,31.712,18.86,39.217,30.0,19.1,284.0,4,0.04036568993928846,0.7597555655183841
3,LEC,30.0,Ferrari,89.367,5.0,31.248,18.963,39.156,30.0,19.1,293.0,4,0.023806410494237373,0.7520646608223395
3,TSU,30.0,Racing Bulls,90.184,6.0,31.554,18.929,39.701,30.0,19.1,282.0,4,0.04503914060448089,0.7600534122843434
3,ALB,30.0,Williams,89.628,7.0,31.511,18.876,39.241,28.0,19.1,278.0,4,0.057566988306096634,0.7550045275667886
3,HAM,30.0,Ferrari,89.737,8.0,31.564,18.46,39.713,30.0,19.1,291.0,4,0.027832048960015898,0.7562976940406443
3,GAS,30.0,Alpine,90.124,9.0,31.654,18.998,39.472,30.0,19.1,282.0,4,0.04539819245648585,0.7602293583200493
3,ALO,30.0,Aston Martin,89.374,10.0,31.387,18.884,39.103,30.0,19.1,289.0,4,0.02977160728163669,0.7553322147761553
3,ANT,30.0,Mercedes,89.794,11.0,31.823,18.759,39.212,30.0,19.1,288.0,4,0.034706677708509936,0.7581401605487496
3,STR,30.0,Aston Martin,90.853,12.0,32.46,19.033,39.36,26.0,19.1,289.0,4,0.06327280840064842,0.7441203995791815
3,HUL,30.0,Kick Sauber,90.691,13.0,32.048,19.285,39.358,30.0,19.1,289.0,4,0.04128761345042242,0.7565832169415533
3,BOR,30.0,Kick Sauber,91.146,14.0,32.456,19.054,39.636,30.0,19.1,291.0,4,0.04157976068768238,0.7578247565503381
3,LAW,30.0,Red Bull Racing,91.312,15.0,32.176,19.287,39.849,29.0,19.1,286.0,4,0.0546098906936654,0.7551267181269423
3,NOR,31.0,McLaren,87.695,1.0,31.136,18.747,37.812,31.0,19.1,295.0,4,0.005327878504706007,0.7549975619745113
3,PIA,31.0,McLaren,87.916,2.0,31.235,18.319,38.362,31.0,19.1,296.0,4,0.0037105360084858097,0.756269951938227
3,OCO,30.0,Haas F1 Team,91.501,16.0,32.641,19.103,39.757,26.0,19.1,279.0,4,0.08209330127574518,0.7506388239725104
3,BEA,30.0,Haas F1 Team,91.377,17.0,32.569,19.124,39.684,26.0,19.1,277.0,4,0.08406885576107045,0.7514881918347924
3,VER,31.0,Red Bull Racing,88.127,3.0,31.123,18.741,38.263,31.0,19.1,288.0,4,0.017597478556074797,0.7591774998606384
3,RUS,31.0,Mercedes,89.041,4.0,31.561,18.875,38.605,31.0,19.1,290.0,4,0.02204982093907737,0.7592495642832371
3,LEC,31.0,Ferrari,89.546,5.0,31.524,18.867,39.155,31.0,19.1,292.0,4,0.0217790275067416,0.7578836489196483
3,TSU,31.0,Racing Bulls,90.082,6.0,31.678,19.021,39.383,31.0,19.1,283.0,4,0.03880530963832807,0.7634009683054133
3,ALB,31.0,Williams,90.053,7.0,31.829,19.026,39.198,29.0,19.1,291.0,4,0.03811680136297291,0.7516515657883323
3,HAM,31.0,Ferrari,90.422,8.0,32.276,18.942,39.204,31.0,19.1,295.0,4,0.025599790802288858,0.758849267629268
3,GAS,31.0,Alpine,89.299,9.0,31.513,18.869,38.917,31.0,19.1,283.0,4,0.03322831093143053,0.7632959186984491
3,ALO,31.0,Aston Martin,88.85,10.0,31.446,18.83,38.574,31.0,19.1,290.0,4,0.020358667768519467,0.7589437697443081
3,ANT,31.0,Mercedes,89.245,11.0,31.583,18.748,38.914,31.0,19.1,289.0,4,0.024147134693078054,0.7603736321958162
3,STR,31.0,Aston Martin,91.077,12.0,32.533,19.147,39.397,27.0,19.1,283.0,4,0.06869486487646542,0.7514008088431285
3,HUL,31.0,Kick Sauber,90.071,13.0,31.864,19.06,39.147,31.0,19.1,290.0,4,0.029665544089886087,0.759793298775405
3,BOR,31.0,Kick Sauber,90.446,14.0,32.239,18.913,39.294,31.0,19.1,292.0,4,0.029740843177178622,0.760612631952902
3,LAW,31.0,Red Bull Racing,91.649,15.0,32.217,19.208,40.224,30.0,19.1,276.0,4,0.06541848892747015,0.7653597770698994
3,NOR,32.0,McLaren,87.8,1.0,31.021,18.717,38.062,32.0,19.1,295.0,4,0.00018988311859280405,0.758377542050712
3,PIA,32.0,McLaren,89.379,2.0,31.377,19.491,38.511,32.0,19.1,293.0,4,0.016341018898352433,0.7582755305592762
3,OCO,31.0,Haas F1 Team,91.624,16.0,32.297,19.419,39.908,27.0,19.1,277.0,4,0.08044504745413905,0.7530868291323299
3,BEA,31.0,Haas F1 Team,91.257,17.0,32.206,19.268,39.783,27.0,19.1,282.0,4,0.07031134849543758,0.7502302832093061
3,VER,32.0,Red Bull Racing,88.208,3.0,30.905,18.89,38.413,32.0,19.1,287.0,4,0.014094763657143294,0.7621200029223685
3,RUS,32.0,Mercedes,89.361,4.0,31.492,18.922,38.947,32.0,19.1,292.0,4,0.01574136038337176,0.7613279673822305
3,LEC,32.0,Ferrari,89.337,5.0,31.356,18.945,39.036,32.0,19.1,293.0,4,0.013738973132201848,0.7600844608686494
3,TSU,32.0,Racing Bulls,90.492,6.0,31.845,19.051,39.596,32.0,19.1,281.0,4,0.03956204171135502,0.7689261982044857
3,ALB,32.0,Williams,90.186,7.0,32.0,19.029,39.157,30.0,19.1,290.0,4,0.035834852512610316,0.7566979915952045
3,HAM,32.0,Ferrari,90.234,8.0,31.898,19.33,39.006,32.0,19.1,289.0,4,0.028121610364164717,0.7633484914221469
3,GAS,32.0,Alpine,89.383,9.0,31.618,18.85,38.915,32.0,19.1,280.0,4,0.03317581036746464,0.76936096677285
3,ALO,32.0,Aston Martin,88.819,10.0,31.156,19.014,38.649,32.0,19.1,294.0,4,0.008972431848741969,0.7584477850398017
3,ANT,32.0,Mercedes,89.032,11.0,31.369,18.773,38.89,32.0,19.1,291.0,4,0.014253742995762986,0.7619635962302741
3,STR,32.0,Aston Martin,90.657,12.0,32.003,19.469,39.185,28.0,19.1,288.0,4,0.05337775615894663,0.7488565742799479
3,HUL,32.0,Kick Sauber,90.109,13.0,32.056,19.242,38.811,32.0,19.1,289.0,4,0.027697848926076407,0.7643113147604448
3,BOR,32.0,Kick Sauber,89.83,14.0,31.969,18.924,38.937,32.0,19.1,291.0,4,0.02164001417320871,0.7638614276872611
3,LAW,32.0,Red Bull Racing,93.76,15.0,33.259,20.172,40.329,31.0,19.1,235.0,4,0.1384995618347588,0.7947609319835356
3,NOR,33.0,McLaren,87.495,1.0,31.193,18.769,37.533,33.0,19.1,291.0,4,0.0,0.7651010795548837
3,PIA,33.0,McLaren,88.226,2.0,31.02,18.951,38.255,33.0,19.1,290.0,4,0.005499178922515335,0.7643197480203204
3,OCO,32.0,Haas F1 Team,91.155,16.0,31.94,20.057,39.158,28.0,19.1,279.0,4,0.07115169281973205,0.751978569240398
3,BEA,32.0,Haas F1 Team,91.3,17.0,31.996,19.536,39.768,28.0,19.1,279.0,4,0.06998383419426774,0.7540064821911716
3,VER,33.0,Red Bull Racing,88.046,3.0,30.905,18.81,38.331,33.0,19.1,288.0,4,0.0063181861655398075,0.7655571264374056
3,RUS,33.0,Mercedes,90.553,4.0,32.067,19.118,39.368,33.0,19.1,283.0,4,0.03307891082575726,0.7721484252416133
3,LEC,33.0,Ferrari,93.966,5.0,31.801,19.053,43.112,33.0,19.1,287.0,4,0.04471241698475803,0.768651885346663
3,TSU,33.0,Racing Bulls,110.651,6.0,31.86,19.027,59.764,33.0,19.0,281.0,4,0.15349765895884487,0.8352487631412873
3,ALB,33.0,Williams,110.179,7.0,31.78,18.934,59.465,31.0,19.0,280.0,4,0.16189145495076704,0.8283646848413738
3,HAM,33.0,Ferrari,110.479,8.0,31.722,19.152,59.605,33.0,19.0,292.0,4,0.13684329270825904,0.8275971711167287
3,GAS,33.0,Alpine,111.3,9.0,31.296,18.975,61.029,33.0,19.0,284.0,4,0.15030632781537906,0.8312523781004206
3,ANT,33.0,Mercedes,112.635,10.0,31.156,19.488,61.991,33.0,19.0,290.0,4,0.15064488747593954,0.8251844717993726
3,STR,33.0,Aston Martin,122.766,11.0,32.155,25.972,64.639,29.0,19.0,284.0,4,0.26629120152188945,0.7948195506375736
3,HUL,33.0,Kick Sauber,125.643,12.0,31.748,27.04,66.855,33.0,19.0,291.0,4,0.2543867004223555,0.8000528633816466
3,BOR,33.0,Kick Sauber,130.326,13.0,32.229,26.932,71.165,33.0,19.0,290.0,4,0.2828912676332137,0.8027308745580335
3,NOR,34.0,McLaren,122.273,1.0,30.897,28.566,62.81,34.0,19.0,294.0,4,0.22955438364238184,0.7934019545289965
3,PIA,34.0,McLaren,127.025,2.0,31.271,30.119,65.635,34.0,19.0,294.0,4,0.26354685812671164,0.7892717265025292
3,LAW,33.0,Red Bull Racing,128.342,15.0,33.47,30.518,64.354,32.0,19.0,277.0,4,0.31567927255887807,0.7996418246407095
3,OCO,33.0,Haas F1 Team,115.932,14.0,38.852,29.562,47.518,29.0,19.0,279.0,4,0.2777437012765013,0.8133733987242194
3,BEA,33.0,Haas F1 Team,117.148,16.0,39.982,29.769,47.397,29.0,19.0,207.0,4,0.39244718014132884,0.8608301885710188
3,VER,34.0,Red Bull Racing,128.598,3.0,38.569,29.499,60.53,34.0,19.0,288.0,4,0.3071575788118045,0.8249941315428158
1,RUS,34.0,Mercedes,135.518,4.0,42.826,28.443,64.249,34.0,19.0,121.0,4,0.5957036954436155,0.9468794404730884
1,LEC,34.0,Ferrari,133.905,5.0,41.463,27.483,64.959,34.0,19.0,197.0,4,0.4690399622781199,0.8986759963450617
1,TSU,34.0,Racing Bulls,146.811,6.0,55.104,43.265,48.442,1.0,19.0,119.0,2,0.9920576781009564,0.2996097682802147
1,ALB,34.0,Williams,147.472,7.0,55.333,43.059,49.08,1.0,19.0,116.0,2,0.9999999999999999,0.30304316760464123
1,HAM,34.0,Ferrari,146.885,8.0,54.802,42.626,49.457,2.0,19.0,142.0,3,0.9249132100524642,0.5519134368895018
1,GAS,34.0,Alpine,145.049,9.0,53.338,42.356,49.355,1.0,19.0,162.0,3,0.8845160567783297,0.5310689349756789
1,ANT,34.0,Mercedes,142.596,10.0,50.26,41.918,50.418,1.0,19.0,175.0,3,0.8384700089136898,0.5121957662843316
1,STR,34.0,Aston Martin,124.993,11.0,47.742,26.264,50.987,2.0,19.0,162.0,3,0.6799506900352372,0.5687863056398514
4,HUL,34.0,Kick Sauber,124.547,12.0,47.723,29.614,47.21,1.0,19.0,160.0,2,0.7251963366910337,0.29306985122566875
1,NOR,35.0,McLaren,123.448,1.0,46.512,32.868,44.068,2.0,19.0,179.0,3,0.6700407868259444,0.5306291854745903
4,BOR,34.0,Kick Sauber,124.556,13.0,46.489,29.834,48.233,1.0,19.0,159.0,2,0.7226823220394143,0.2878336922468943
1,PIA,35.0,McLaren,123.781,2.0,46.738,30.477,46.566,2.0,19.0,170.0,3,0.6755751171729796,0.5452778250252598
3,OCO,34.0,Haas F1 Team,120.551,14.0,42.972,31.576,46.003,30.0,19.0,214.0,4,0.41542525492856996,0.8661834405073784
4,LAW,34.0,Red Bull Racing,124.275,16.0,46.181,29.653,48.441,1.0,19.0,155.0,2,0.72486538630897,0.28963255806479304
1,BEA,34.0,Haas F1 Team,120.646,15.0,43.016,30.748,46.882,30.0,19.0,195.0,4,0.43974705412511816,0.8807340292062151
4,VER,35.0,Red Bull Racing,124.508,3.0,46.794,27.33,50.384,1.0,19.0,177.0,2,0.6874658973904701,0.28687320128641663
1,RUS,35.0,Mercedes,125.981,4.0,49.054,30.229,46.698,1.0,19.0,159.0,3,0.7166051763706669,0.5584418114114094
1,LEC,35.0,Ferrari,126.872,5.0,47.333,29.541,49.998,2.0,19.0,180.0,3,0.6766659995494273,0.5447304599603255
4,TSU,35.0,Racing Bulls,102.362,6.0,35.888,24.675,41.799,2.0,19.0,213.0,2,0.4553146267539061,0.2344823208902978
4,ALB,35.0,Williams,102.979,7.0,35.361,26.965,40.653,2.0,19.0,217.0,2,0.4604864843139335,0.2219155519024551
4,HAM,35.0,Ferrari,103.401,8.0,34.992,28.283,40.126,3.0,19.0,249.0,3,0.3903464640431158,0.46168856722553
4,GAS,35.0,Alpine,105.531,9.0,35.632,28.822,41.077,2.0,19.0,237.0,3,0.4290478375707278,0.4658364860143448
4,ANT,35.0,Mercedes,104.67,10.0,35.474,28.102,41.094,2.0,19.0,263.0,3,0.38360988940416996,0.4519906577375191
4,STR,35.0,Aston Martin,105.462,11.0,35.76,26.217,43.485,3.0,19.0,219.0,3,0.43880299956397195,0.4900530434504725
4,HUL,35.0,Kick Sauber,103.738,12.0,36.092,26.746,40.9,2.0,19.0,229.0,2,0.4495154703866582,0.2183713651471424
1,NOR,36.0,McLaren,136.883,1.0,47.119,35.095,54.669,3.0,19.0,184.0,3,0.7430231078166973,0.5253274511697857
4,BOR,35.0,Kick Sauber,132.146,13.0,42.282,34.853,55.011,2.0,19.0,200.0,2,0.7048910797945429,0.23159389169110606
1,OCO,35.0,Haas F1 Team,132.165,14.0,42.151,35.341,54.673,31.0,19.0,187.0,4,0.5248480530373084,0.8691589341579706
1,PIA,36.0,McLaren,131.212,2.0,41.431,35.359,54.422,3.0,19.0,191.0,3,0.6804855722794219,0.4971058231563504
1,BEA,35.0,Haas F1 Team,131.067,15.0,41.364,35.359,54.344,31.0,19.0,202.0,4,0.4943918449578194,0.8568409534310591
4,LAW,35.0,Red Bull Racing,128.71,16.0,40.793,33.852,54.065,2.0,19.0,213.0,2,0.6574325583433891,0.2212709983230952
4,VER,36.0,Red Bull Racing,116.334,3.0,33.284,30.201,52.849,2.0,19.0,247.0,2,0.49605156186552046,0.18318143764135336
4,RUS,36.0,Mercedes,104.906,4.0,34.859,28.574,41.473,2.0,19.0,255.0,3,0.39584110425768065,0.4526533005642352
4,LEC,36.0,Ferrari,102.406,5.0,32.141,25.374,44.891,3.0,19.0,265.0,3,0.33854286637575165,0.45041170974899436
4,TSU,36.0,Racing Bulls,99.366,6.0,33.064,26.558,39.744,3.0,19.0,249.0,2,0.3791069435501456,0.1984695786649352
4,ALB,36.0,Williams,102.745,7.0,32.857,31.34,38.548,3.0,19.0,227.0,2,0.4481880958605289,0.19415806196705193
4,HAM,36.0,Ferrari,102.431,8.0,33.507,30.249,38.675,4.0,19.0,268.0,3,0.35514413463742917,0.44107064817740144
4,GAS,36.0,Alpine,101.62,9.0,32.286,29.596,39.738,3.0,19.0,280.0,3,0.3311252060805811,0.4273364678599189
4,ANT,36.0,Mercedes,101.655,10.0,32.604,29.457,39.594,3.0,19.0,277.0,3,0.3362783250674256,0.4309414919376763
4,STR,36.0,Aston Martin,99.85,11.0,32.683,27.967,39.2,4.0,19.0,262.0,3,0.33673756553426154,0.44937878328648667
4,HUL,36.0,Kick Sauber,99.268,12.0,32.729,27.808,38.731,3.0,19.0,276.0,2,0.34396981030385687,0.17641450552964344
1,NOR,37.0,McLaren,,1.0,44.919,41.079,70.942,4.0,19.0,246.0,3,0.7755111076449046,0.46053691729866364
4,BOR,36.0,Kick Sauber,,13.0,44.902,41.233,71.005,3.0,19.0,207.0,2,0.8636708744978614,0.2182735462676964
1,OCO,36.0,Haas F1 Team,,14.0,45.039,41.403,71.86,32.0,19.2,188.0,4,0.6805046654021625,0.7343411975988722
1,PIA,37.0,McLaren,,2.0,45.192,41.406,73.105,4.0,19.2,152.0,3,0.9094787489909086,0.39001197110021846
1,BEA,36.0,Haas F1 Team,,15.0,45.39,41.367,73.863,32.0,19.2,157.0,4,0.7386427804341786,0.7545421578580097
1,LAW,36.0,Red Bull Racing,,16.0,46.136,40.897,74.778,3.0,19.2,148.0,2,0.9592043705998196,0.13269430779344854
1,VER,37.0,Red Bull Racing,,3.0,46.632,40.725,75.519,3.0,19.2,160.0,2,0.9491688668292297,0.1280016667818752
4,RUS,37.0,Mercedes,,4.0,36.791,40.841,74.707,3.0,19.2,278.0,3,0.6588179083513616,0.27778904083726247
4,LEC,37.0,Ferrari,148.223,5.0,33.25,38.962,76.011,4.0,19.2,269.0,3,0.622039357482586,0.2791827918964599
4,TSU,37.0,Racing Bulls,131.741,6.0,32.244,28.343,71.154,4.0,19.2,271.0,2,0.5062488952262807,0.05012827248751184
4,ALB,37.0,Williams,127.286,7.0,33.338,29.122,64.826,4.0,19.2,250.0,2,0.5194495173855178,0.06491352238396386
4,HAM,37.0,Ferrari,128.079,8.0,32.779,30.772,64.528,5.0,19.2,269.0,3,0.4705149394641098,0.3106030423923326
4,GAS,37.0,Alpine,127.218,9.0,31.629,29.727,65.862,4.0,19.2,270.0,3,0.46055012611488505,0.30518367610833425
4,ANT,37.0,Mercedes,127.298,10.0,31.948,30.64,64.71,4.0,19.2,272.0,3,0.46323213847667677,0.30211554753096803
4,STR,37.0,Aston Martin,126.301,11.0,33.203,29.445,63.653,5.0,19.2,285.0,3,0.43409498958645387,0.30736695363510597
4,HUL,37.0,Kick Sauber,120.019,12.0,31.433,28.144,60.442,4.0,19.2,284.0,2,0.419525380977452,0.04031330320824422
1,NOR,38.0,McLaren,141.02,1.0,45.763,41.277,53.98,5.0,19.2,186.0,3,0.7553927857895377,0.3770999710335893
4,BOR,37.0,Kick Sauber,140.921,13.0,45.391,40.838,54.692,4.0,19.2,195.0,2,0.7695606520987799,0.10638466610778097
1,OCO,37.0,Haas F1 Team,140.137,14.0,44.21,41.09,54.837,33.0,19.2,170.0,4,0.5970709887739245,0.7477610728403763
4,PIA,38.0,McLaren,138.892,2.0,42.993,41.293,54.606,5.0,19.2,246.0,3,0.6472221045488931,0.32944176059805813
1,BEA,37.0,Haas F1 Team,138.672,15.0,42.101,41.701,54.87,33.0,19.2,247.0,4,0.4734066564851507,0.6904268804021486
4,LAW,37.0,Red Bull Racing,137.76,16.0,40.914,42.012,54.834,4.0,19.2,228.0,2,0.6923065308543211,0.06409790187418074
4,VER,38.0,Red Bull Racing,137.91,3.0,40.652,41.364,55.894,4.0,19.2,248.0,2,0.6608439381776778,0.053146791333011145
4,RUS,38.0,Mercedes,138.272,4.0,40.496,41.465,56.311,4.0,19.2,231.0,3,0.661134790400915,0.32393364069754776
4,LEC,38.0,Ferrari,139.475,5.0,39.579,40.983,58.913,5.0,19.2,241.0,3,0.64265413012666,0.31945886582848704
4,TSU,38.0,Racing Bulls,139.231,6.0,39.051,41.233,58.947,5.0,19.2,212.0,2,0.7073627851923452,0.0724868035425903
4,ALB,38.0,Williams,139.137,7.0,39.774,40.39,58.973,5.0,19.2,193.0,2,0.7332904502910534,0.08989513553727846
4,HAM,38.0,Ferrari,138.415,8.0,38.81,40.044,59.561,6.0,19.2,249.0,3,0.6133204191035808,0.3185244973546579
4,GAS,38.0,Alpine,139.376,9.0,38.274,39.552,61.55,5.0,19.2,258.0,3,0.6066745000163021,0.30876130186266243
4,ANT,38.0,Mercedes,139.681,10.0,38.143,39.653,61.885,5.0,19.2,250.0,3,0.6196544456329727,0.3126978251758546
4,STR,38.0,Aston Martin,140.07,11.0,38.003,39.484,62.583,6.0,19.2,250.0,3,0.6153877997974192,0.3164397260084248
4,HUL,38.0,Kick Sauber,139.971,12.0,38.06,38.725,63.186,5.0,19.2,242.0,2,0.6541672301816724,0.05889303991450667
4,NOR,39.0,McLaren,133.694,1.0,44.586,34.303,54.805,6.0,19.2,224.0,3,0.6220759145039121,0.37761931310355457
4,BOR,38.0,Kick Sauber,133.374,13.0,44.094,34.435,54.845,5.0,19.2,187.0,2,0.7025559759211009,0.13229759772917654
1,OCO,38.0,Haas F1 Team,132.933,14.0,43.583,34.325,55.025,34.0,19.2,201.0,4,0.47747009967113707,0.7540506306171361
1,PIA,39.0,McLaren,133.78,2.0,43.94,34.284,55.556,6.0,19.2,195.0,3,0.6612552620918801,0.3925813536527134
1,BEA,38.0,Haas F1 Team,132.858,15.0,43.636,33.78,55.442,34.0,19.2,205.0,4,0.46928146971367124,0.7537405626694134
4,LAW,38.0,Red Bull Racing,133.353,16.0,43.569,34.894,54.89,5.0,19.2,173.0,2,0.7222423014658349,0.13702422862409713
4,VER,39.0,Red Bull Racing,132.714,3.0,42.699,36.267,53.748,5.0,19.2,201.0,2,0.6811057840176746,0.11176798634136287
4,RUS,39.0,Mercedes,132.784,4.0,42.704,35.771,54.309,5.0,19.2,209.0,3,0.6422826792280052,0.3701667449888215
4,LEC,39.0,Ferrari,131.723,5.0,40.103,35.96,55.66,6.0,19.2,251.0,3,0.5618891898261398,0.3371949994018272
4,TSU,39.0,Racing Bulls,131.98,6.0,40.191,35.729,56.06,6.0,19.2,238.0,2,0.6069547609763968,0.08470720378191021
4,ALB,39.0,Williams,132.043,7.0,40.189,35.829,56.025,6.0,19.2,218.0,2,0.6362346022931475,0.09645880122016004
4,HAM,39.0,Ferrari,132.085,8.0,39.677,36.23,56.178,7.0,19.2,241.0,3,0.5724386937459116,0.34429475908621904
4,GAS,39.0,Alpine,131.226,9.0,38.456,36.07,56.7,6.0,19.2,258.0,3,0.543092748588548,0.3258267975901614
4,ANT,39.0,Mercedes,131.642,10.0,38.95,35.025,57.667,6.0,19.2,256.0,3,0.5458065505001188,0.3326685783045885
4,STR,39.0,Aston Martin,131.9,11.0,37.918,35.259,58.723,7.0,19.2,242.0,3,0.5589290220310456,0.3398274905634223
4,HUL,39.0,Kick Sauber,131.714,12.0,38.204,34.474,59.036,6.0,19.2,257.0,2,0.565232438216803,0.06939177387871209
1,NOR,40.0,McLaren,135.337,1.0,47.795,33.656,53.886,7.0,19.2,151.0,3,0.7401076324550543,0.4409281016296377
4,BOR,39.0,Kick Sauber,108.623,13.0,41.886,22.879,43.858,6.0,19.2,175.0,2,0.5219218535795299,0.17578135667970146
3,OCO,39.0,Haas F1 Team,124.201,15.0,42.286,21.998,59.917,35.0,19.2,169.0,4,0.4133799956666332,0.8151039855865843
4,PIA,40.0,McLaren,133.016,2.0,45.907,33.189,53.92,7.0,19.2,243.0,3,0.5867287641963295,0.37920927668146076
3,BEA,39.0,Haas F1 Team,130.476,16.0,43.905,23.897,62.674,35.0,19.2,207.0,4,0.4079136332644999,0.7917969218816532
4,LAW,39.0,Red Bull Racing,108.534,14.0,42.936,25.015,40.583,6.0,19.2,220.0,2,0.4703889269649715,0.14545485352824888
4,VER,40.0,Red Bull Racing,131.498,3.0,43.488,33.721,54.289,6.0,19.2,245.0,2,0.5990405663756884,0.10102735620013581
4,RUS,40.0,Mercedes,131.368,4.0,43.127,34.37,53.871,6.0,19.2,239.0,3,0.5824330619501781,0.36243968658822673
4,LEC,40.0,Ferrari,131.985,5.0,41.463,34.386,56.136,7.0,19.2,225.0,3,0.5940899740719483,0.36773181103228814
4,TSU,40.0,Racing Bulls,131.829,6.0,40.94,34.971,55.918,7.0,19.2,242.0,2,0.5950989365405582,0.09176002593923771
4,ALB,40.0,Williams,131.839,7.0,41.658,34.413,55.768,7.0,19.2,197.0,2,0.6598514592605971,0.12389688741169103
4,HAM,40.0,Ferrari,131.407,8.0,41.408,35.213,54.786,8.0,19.2,238.0,3,0.5705064588493974,0.3605570965331808
4,GAS,40.0,Alpine,130.476,9.0,40.824,35.543,54.109,7.0,19.2,262.0,3,0.5353726629355793,0.33877770324867196
4,ANT,40.0,Mercedes,129.615,10.0,39.633,35.891,54.091,7.0,19.2,267.0,3,0.520250141292831,0.3296939664432234
4,STR,40.0,Aston Martin,129.9,11.0,38.748,35.471,55.681,8.0,19.2,274.0,3,0.5014137700210454,0.32700766127548253
4,HUL,40.0,Kick Sauber,130.024,12.0,38.773,35.573,55.678,7.0,19.2,273.0,2,0.5349113950195573,0.06209243098001582
4,BOR,40.0,Kick Sauber,92.438,13.0,33.855,19.731,38.852,7.0,19.2,241.0,2,0.2889686569417359,0.11840779116778755
4,LAW,40.0,Red Bull Racing,91.05,14.0,31.869,21.143,38.038,7.0,19.2,266.0,2,0.24373513106886263,0.09028507112900708
4,OCO,40.0,Haas F1 Team,102.035,15.0,42.369,20.285,39.381,1.0,19.2,180.0,2,0.4954470418418743,0.16535232097942554
4,NOR,41.0,McLaren,133.937,1.0,44.793,29.454,59.69,8.0,19.2,211.0,3,0.6121859502043779,0.4106495577747731
4,PIA,41.0,McLaren,133.553,2.0,44.925,29.037,59.591,8.0,19.2,219.0,3,0.5974532408667712,0.4078173818955207
4,VER,41.0,Red Bull Racing,132.004,3.0,44.791,29.249,57.964,7.0,19.2,200.0,2,0.6472991942658934,0.15286625804835446
1,RUS,41.0,Mercedes,131.214,4.0,44.501,29.287,57.426,7.0,19.2,156.0,3,0.6789984377762399,0.43973816113943964
4,LEC,41.0,Ferrari,128.829,5.0,43.051,28.891,56.887,8.0,19.2,238.0,3,0.5364435798806308,0.3893903156652162
4,TSU,41.0,Racing Bulls,127.526,6.0,42.467,30.028,55.031,8.0,19.2,257.0,2,0.5303969834955578,0.1101117609279676
4,ALB,41.0,Williams,127.143,7.0,42.976,29.357,54.81,8.0,19.2,196.0,2,0.6145134073766596,0.15149208262049785
4,HAM,41.0,Ferrari,126.607,8.0,43.723,28.691,54.193,9.0,19.2,241.0,3,0.5167178724339913,0.3949217937814805
4,GAS,41.0,Alpine,126.368,9.0,43.945,29.012,53.411,8.0,19.2,201.0,3,0.5798165802941269,0.41520197604404135
4,ANT,41.0,Mercedes,126.22,10.0,44.333,28.681,53.206,8.0,19.2,208.0,3,0.5691804595235066,0.4137165461364065
4,STR,41.0,Aston Martin,124.101,11.0,42.904,28.804,52.393,9.0,19.2,273.0,3,0.45458518098116907,0.37193365374213677
4,HUL,41.0,Kick Sauber,123.528,12.0,43.382,27.686,52.46,8.0,19.2,262.0,2,0.4952212125477443,0.11920915060064385
4,BOR,41.0,Kick Sauber,88.125,13.0,31.898,19.169,37.058,8.0,19.3,288.0,2,0.17423736181591268,0.024224191990227406
4,LAW,41.0,Red Bull Racing,86.446,14.0,30.467,19.372,36.607,8.0,19.3,295.0,2,0.1502248097954586,0.01349355522628326
4,OCO,41.0,Haas F1 Team,89.339,15.0,32.041,19.341,37.957,2.0,19.3,269.0,2,0.24003930644730695,0.013114852192149806
2,NOR,42.0,McLaren,83.797,1.0,30.016,18.891,34.89,9.0,19.3,298.0,3,0.09677845223613793,0.27691021292943757
2,PIA,42.0,McLaren,84.583,2.0,30.119,18.793,35.671,9.0,19.3,296.0,3,0.10392953928884699,0.2788376342249672
4,VER,42.0,Red Bull Racing,85.317,3.0,30.288,18.886,36.143,8.0,19.3,282.0,2,0.15983997274035322,0.022381254807550155
2,RUS,42.0,Mercedes,86.239,4.0,30.615,18.828,36.796,8.0,19.3,289.0,3,0.13022125670743973,0.2811410721993655
2,LEC,42.0,Ferrari,86.831,5.0,30.927,18.992,36.912,9.0,19.3,286.0,3,0.13453858787128928,0.2873930767620238
4,TSU,42.0,Racing Bulls,87.146,6.0,31.474,18.8,36.872,9.0,19.3,273.0,2,0.18191184433657734,0.03665558047635942
4,ALB,42.0,Williams,87.127,7.0,31.343,18.776,37.008,9.0,19.3,268.0,2,0.188316896711978,0.03922837264443746
2,HAM,42.0,Ferrari,87.508,8.0,31.531,19.059,36.918,10.0,19.3,268.0,3,0.16146951572296162,0.3042606687590675
2,GAS,42.0,Alpine,87.942,9.0,31.318,18.881,37.743,9.0,19.3,284.0,3,0.14455928539595111,0.2905312806455928
2,ANT,42.0,Mercedes,87.505,10.0,30.908,19.021,37.576,9.0,19.3,295.0,3,0.12543558362714655,0.2817242137921413
2,STR,42.0,Aston Martin,87.301,11.0,30.923,19.001,37.377,10.0,19.3,291.0,3,0.12487147351474928,0.2880451613307408
4,HUL,42.0,Kick Sauber,87.472,12.0,31.081,19.257,37.134,9.0,19.3,277.0,2,0.17834170728755364,0.031012271131300673
4,BOR,42.0,Kick Sauber,84.77,13.0,30.071,18.781,35.918,9.0,19.3,295.0,2,0.13187448464533882,0.017768961281322992
4,LAW,42.0,Red Bull Racing,84.098,14.0,29.498,18.79,35.81,9.0,19.3,296.0,2,0.12452940117454905,0.01481448451584888
4,OCO,42.0,Haas F1 Team,86.764,15.0,30.261,19.144,37.359,3.0,19.3,283.0,2,0.19294742481871263,0.0019054268895883908
2,NOR,43.0,McLaren,82.167,1.0,28.553,18.537,35.077,10.0,19.3,300.0,3,0.07257386959562911,0.2747590376677486
2,PIA,43.0,McLaren,83.242,2.0,28.966,18.613,35.663,10.0,19.3,304.0,3,0.07471187079782529,0.2737085816343812
4,VER,43.0,Red Bull Racing,83.081,3.0,28.878,18.569,35.634,9.0,19.3,297.0,2,0.11414594306706441,0.01248466181439567
2,RUS,43.0,Mercedes,85.065,4.0,29.511,18.617,36.937,9.0,19.3,298.0,3,0.10055598539652877,0.2757055939889264
2,LEC,43.0,Ferrari,85.271,6.0,29.433,18.459,37.379,10.0,19.3,295.0,3,0.09985979397828315,0.28149205900698127
4,TSU,43.0,Racing Bulls,84.194,5.0,29.553,18.1,36.541,10.0,19.3,304.0,2,0.10584263751050807,0.01633855249164573
4,ALB,43.0,Williams,84.597,7.0,29.496,18.2,36.901,10.0,19.3,287.0,2,0.13248480482645164,0.026026824591511954
2,HAM,43.0,Ferrari,84.218,8.0,29.552,18.475,36.191,11.0,19.3,293.0,3,0.09236400196951033,0.28695620434774244
2,GAS,43.0,Alpine,85.02,9.0,29.787,18.627,36.606,10.0,19.3,294.0,3,0.10202622553774474,0.28298711432286877
2,ANT,43.0,Mercedes,84.901,10.0,29.606,18.461,36.834,10.0,19.3,297.0,3,0.09568041702973809,0.28100830411764643
2,STR,43.0,Aston Martin,85.538,11.0,29.78,18.445,37.313,11.0,19.3,301.0,3,0.08895670447698592,0.2830750832176286
4,HUL,43.0,Kick Sauber,85.243,12.0,30.039,18.732,36.472,10.0,19.3,296.0,2,0.12757401093470755,0.020928760469238417
4,BOR,43.0,Kick Sauber,84.192,13.0,29.066,18.822,36.304,10.0,19.3,294.0,2,0.12118178382222233,0.01788662292302623
4,LAW,43.0,Red Bull Racing,82.97,14.0,28.841,18.234,35.895,10.0,19.3,295.0,2,0.10971076752926764,0.018467006301949307
4,OCO,43.0,Haas F1 Team,88.505,15.0,30.027,18.897,39.581,4.0,19.3,292.0,2,0.1825394761014456,0.0
2,NOR,44.0,McLaren,105.587,6.0,28.841,18.581,58.165,11.0,19.3,305.0,3,0.18975497460550356,0.2751122606705552
4,VER,44.0,Red Bull Racing,86.789,1.0,28.766,18.154,39.869,10.0,19.3,298.0,2,0.1256886955753848,0.0163896311652183
2,RUS,44.0,Mercedes,106.238,8.0,29.685,18.585,57.968,10.0,19.3,304.0,3,0.20324720356580067,0.27538265216935476
4,TSU,44.0,Racing Bulls,88.252,2.0,29.703,18.442,40.107,11.0,19.3,299.0,2,0.1320731438456841,0.022309510253364917
2,LEC,44.0,Ferrari,96.363,5.0,29.953,18.038,48.372,11.0,19.3,291.0,3,0.16141529220810177,0.2906025996627158
4,ALB,44.0,Williams,105.335,9.0,29.876,18.171,57.288,11.0,19.3,290.0,2,0.23790762991600817,0.028383948699427175
2,HAM,44.0,Ferrari,89.454,3.0,29.929,18.44,41.085,12.0,19.3,312.0,3,0.09013271910957546,0.2805651827031088
2,GAS,44.0,Alpine,88.332,4.0,29.467,18.594,40.271,11.0,19.3,296.0,3,0.11074997850801388,0.2841300683079158
2,ANT,44.0,Mercedes,108.276,11.0,29.991,18.732,59.553,11.0,19.3,292.0,3,0.22821498995026668,0.28703162657446774
2,STR,44.0,Aston Martin,104.738,10.0,29.501,18.324,56.913,12.0,19.3,300.0,3,0.18866265028491014,0.28555355765920065
4,HUL,44.0,Kick Sauber,106.696,12.0,30.497,18.959,57.24,11.0,19.3,293.0,2,0.2468487314773416,0.02630952436181777
4,BOR,44.0,Kick Sauber,112.582,13.0,30.251,18.627,63.704,11.0,19.3,265.0,2,0.3166086534915358,0.04304874607431364
4,LAW,44.0,Red Bull Racing,86.332,7.0,28.698,18.777,38.857,11.0,19.3,305.0,2,0.11041739890066116,0.013494441551572978
4,OCO,44.0,Haas F1 Team,93.574,14.0,30.003,18.857,44.714,5.0,19.3,291.0,2,0.20630164609347668,0.004096343317804507
4,VER,45.0,Red Bull Racing,92.874,1.0,29.993,18.865,44.016,11.0,19.3,277.0,2,0.19165984867696312,0.03508010965200303
4,TSU,45.0,Racing Bulls,95.983,3.0,30.48,18.605,46.898,12.0,19.3,270.0,2,0.2143695027941457,0.04579299885069221
2,HAM,45.0,Ferrari,93.045,2.0,29.877,18.836,44.332,13.0,19.3,268.0,3,0.1688528342217213,0.3091607430278866
2,GAS,45.0,Alpine,92.969,4.0,30.352,18.899,43.718,12.0,19.3,287.0,3,0.14862287978706248,0.2956414044759338
2,LEC,45.0,Ferrari,91.269,5.0,29.782,18.516,42.971,12.0,19.3,280.0,3,0.1454328750051767,0.2989641240276264
2,NOR,45.0,McLaren,96.407,6.0,37.17,18.913,40.324,1.0,19.3,223.0,4,0.31658249625644236,0.5823940474329271
4,LAW,45.0,Red Bull Racing,97.844,7.0,31.402,18.773,47.669,12.0,19.3,289.0,2,0.2018256106113215,0.03738841196340792
2,RUS,45.0,Mercedes,96.33,8.0,37.662,18.989,39.679,1.0,19.3,224.0,4,0.3170119596088005,0.5835544863814155
2,ALB,45.0,Williams,96.573,9.0,37.246,18.881,40.446,1.0,19.3,219.0,4,0.32336369991044484,0.5852298371998771
2,STR,45.0,Aston Martin,97.256,10.0,37.854,19.421,39.981,1.0,19.3,222.0,4,0.32750475326027634,0.5840024053332139
2,ANT,45.0,Mercedes,95.593,11.0,37.157,19.091,39.345,1.0,19.3,223.0,4,0.31282421254381204,0.5817723893755348
2,HUL,45.0,Kick Sauber,97.137,12.0,37.709,19.258,40.17,1.0,19.3,211.0,4,0.3412816133408452,0.5906385515069114
2,BOR,45.0,Kick Sauber,96.255,13.0,37.176,19.099,39.98,1.0,19.3,209.0,4,0.3365213956099846,0.5902602651887604
4,OCO,45.0,Haas F1 Team,96.259,14.0,30.74,18.823,46.696,6.0,19.3,276.0,2,0.24004397955744944,0.01992420931635297
4,VER,46.0,Red Bull Racing,112.606,5.0,31.037,19.186,62.383,12.0,19.3,266.0,2,0.31565655302059636,0.047494191998562196
2,HAM,46.0,Ferrari,96.714,1.0,30.967,19.082,46.665,14.0,19.3,276.0,3,0.17775389144877107,0.31148471167889746
4,TSU,46.0,Racing Bulls,100.978,4.0,34.153,18.442,48.383,13.0,19.3,256.0,2,0.27046691344788004,0.0734066658741549
4,GAS,46.0,Alpine,116.069,11.0,33.157,18.982,63.93,13.0,19.3,262.0,3,0.31702134485782935,0.3244026500851598
2,PIA,45.0,McLaren,98.184,15.0,36.775,19.084,42.325,1.0,19.3,216.0,4,0.3354308961382146,0.5843074462196163
2,LEC,46.0,Ferrari,96.429,2.0,31.136,17.831,47.462,13.0,19.3,256.0,3,0.2052765265393221,0.3248889410993823
2,NOR,46.0,McLaren,91.567,3.0,31.083,19.028,41.456,2.0,19.3,292.0,4,0.16282463965354527,0.519210634915014
2,BEA,45.0,Haas F1 Team,101.777,16.0,38.459,19.274,44.044,1.0,19.3,219.0,4,0.3583056338606696,0.5885466977453578
4,LAW,46.0,Red Bull Racing,99.457,9.0,32.773,19.003,47.681,13.0,19.3,263.0,2,0.24902229315035757,0.06163533454197612
2,RUS,46.0,Mercedes,91.87,6.0,31.808,18.881,41.181,2.0,19.3,292.0,4,0.16675158108024796,0.5226857279255003
2,ALB,46.0,Williams,92.795,7.0,31.869,18.953,41.973,2.0,19.3,272.0,4,0.2008800527609247,0.5347418623980508
2,STR,46.0,Aston Martin,92.361,10.0,31.718,19.199,41.444,2.0,19.3,292.0,4,0.17041217511932263,0.5211834127272764
2,ANT,46.0,Mercedes,90.78,8.0,31.827,18.635,40.318,2.0,19.3,288.0,4,0.16553839608237306,0.5261042985063967
2,HUL,46.0,Kick Sauber,91.21,12.0,31.335,19.143,40.732,2.0,19.3,294.0,4,0.15950448653671542,0.5186594789148412
4,OCO,46.0,Haas F1 Team,141.745,13.0,40.828,23.639,77.278,7.0,19.3,227.0,2,0.6139533213287971,0.07543721422644956
1,HAM,47.0,Ferrari,,9.0,43.851,29.959,76.885,15.0,19.3,198.0,3,0.6760269360969915,0.3745420716179697
2,PIA,46.0,McLaren,111.022,14.0,34.707,25.856,50.459,2.0,19.3,263.0,4,0.35365162007552337,0.5268449311961635
1,LEC,47.0,Ferrari,,10.0,41.619,31.863,78.975,14.0,19.3,218.0,3,0.6613673819834196,0.34278402642699707
2,NOR,47.0,McLaren,113.728,1.0,36.023,26.573,51.132,3.0,19.3,228.0,4,0.42148543278726613,0.5545611532866022
4,TSU,47.0,Racing Bulls,,11.0,44.638,33.072,75.602,14.0,19.3,183.0,2,0.7587828012921161,0.11065188349671518
1,VER,47.0,Red Bull Racing,127.213,2.0,40.7,31.56,54.953,1.0,19.3,224.0,4,0.5507326685875007,0.5506210388426876
2,RUS,47.0,Mercedes,122.439,3.0,35.488,31.352,55.599,3.0,19.3,276.0,4,0.418581149207212,0.5062037296068217
2,ALB,47.0,Williams,125.49,4.0,35.865,32.418,57.207,3.0,19.3,245.0,4,0.48545169786879,0.522647311775551
2,BEA,46.0,Haas F1 Team,125.498,15.0,35.08,32.355,58.063,2.0,19.3,248.0,4,0.482957147297154,0.5140625064903527
2,ANT,47.0,Mercedes,125.75,5.0,34.497,33.267,57.986,3.0,19.3,260.0,4,0.4635947579247225,0.5049758015419225
1,STR,47.0,Aston Martin,125.678,6.0,34.89,33.105,57.683,3.0,19.3,229.0,4,0.5082982901433842,0.5259300500701694
1,GAS,47.0,Alpine,126.74,8.0,45.479,24.021,57.24,1.0,19.3,221.0,4,0.5398436814864408,0.5982693184365118
2,HUL,47.0,Kick Sauber,125.179,7.0,38.914,29.037,57.228,3.0,19.3,252.0,4,0.47173046735616836,0.5426963682652989
1,OCO,47.0,Haas F1 Team,127.226,12.0,52.325,26.25,48.651,1.0,19.3,190.0,4,0.6233067099642663,0.6374580363140065
1,PIA,47.0,McLaren,120.17,13.0,41.299,28.61,50.261,3.0,19.3,177.0,4,0.5589986773104898,0.5997065871007454
1,NOR,48.0,McLaren,136.995,1.0,42.091,29.643,65.261,4.0,19.3,224.0,4,0.5863556509915215,0.5736701437122302
1,VER,48.0,Red Bull Racing,122.406,2.0,38.909,23.85,59.647,2.0,19.3,192.0,4,0.5255000177487396,0.593399626376539
1,RUS,48.0,Mercedes,123.129,3.0,40.318,24.087,58.724,4.0,19.3,163.0,4,0.5671586112287377,0.623404262585048
2,ALB,48.0,Williams,119.008,4.0,39.533,21.649,57.826,4.0,19.3,198.0,4,0.4813551561018363,0.6076801708052941
2,BEA,47.0,Haas F1 Team,118.594,14.0,39.315,22.038,57.241,3.0,19.3,215.0,4,0.4607369045764751,0.5914100220930514
2,ANT,48.0,Mercedes,118.429,5.0,40.189,21.083,57.157,4.0,19.3,199.0,4,0.47700025448618255,0.6117713466954136
1,STR,48.0,Aston Martin,119.297,6.0,40.496,21.252,57.549,4.0,19.3,172.0,4,0.5221860780971409,0.6287456333309369
1,HUL,48.0,Kick Sauber,120.075,7.0,41.96,21.517,56.598,4.0,19.3,167.0,4,0.5405107552277147,0.6368327725831835
1,GAS,48.0,Alpine,121.785,8.0,41.932,22.835,57.018,2.0,19.3,185.0,4,0.5398641331572978,0.6136352469303935
1,HAM,48.0,Ferrari,119.219,9.0,44.112,22.186,52.921,1.0,19.3,190.0,4,0.5297821709211885,0.618227883883354
2,LEC,48.0,Ferrari,116.044,10.0,42.86,21.823,51.361,1.0,19.3,208.0,4,0.48023803044593105,0.6036253238706076
1,TSU,48.0,Racing Bulls,116.286,11.0,44.076,21.954,50.256,1.0,19.3,183.0,4,0.5226059249989876,0.6232988736035633
0,OCO,48.0,Haas F1 Team,106.416,12.0,40.046,20.638,45.732,2.0,18.8,216.0,4,0.4390316500251794,0.9138104618498963
0,PIA,48.0,McLaren,102.413,13.0,37.344,20.296,44.773,4.0,18.8,150.0,4,0.48881797629520973,0.9515918053671044
1,NOR,49.0,McLaren,144.979,1.0,52.528,32.458,59.993,5.0,18.8,147.0,4,0.8322256112899291,0.9749323763990541
1,VER,49.0,Red Bull Racing,144.892,2.0,51.981,32.432,60.479,3.0,18.8,181.0,4,0.7912304629211109,0.9446779777931358
1,RUS,49.0,Mercedes,144.163,3.0,52.027,31.92,60.216,5.0,18.8,128.0,4,0.8506105075955651,0.9862894492595677
1,ALB,49.0,Williams,144.662,4.0,51.77,32.102,60.79,5.0,18.8,129.0,4,0.8516538762283145,0.9839653346508535
1,BEA,48.0,Haas F1 Team,144.788,14.0,51.7,31.711,61.377,4.0,18.8,115.0,4,0.8755211836209997,0.9897468064501642
1,ANT,49.0,Mercedes,144.964,5.0,51.54,31.716,61.708,5.0,18.8,115.0,4,0.8707391676933866,0.9928159895064227
1,STR,49.0,Aston Martin,145.123,6.0,50.928,32.514,61.681,5.0,18.8,145.0,4,0.829732035674514,0.9693559098955817
1,HUL,49.0,Kick Sauber,144.804,7.0,50.498,32.115,62.191,5.0,18.8,140.0,4,0.8317340347072909,0.9720162355146003
1,GAS,49.0,Alpine,144.669,8.0,48.264,32.422,63.983,3.0,18.8,204.0,4,0.7423714808569843,0.9155021249388138
1,HAM,49.0,Ferrari,144.575,9.0,47.408,32.622,64.545,2.0,18.8,182.0,4,0.7757938263933684,0.9208573636825104
1,LEC,49.0,Ferrari,142.777,10.0,45.441,32.69,64.646,2.0,18.8,168.0,4,0.7783812261984733,0.9211118110044257
1,TSU,49.0,Racing Bulls,142.564,11.0,45.095,32.615,64.854,2.0,18.8,165.0,4,0.7798031379137284,0.9217772165471493
0,OCO,49.0,Haas F1 Team,101.743,12.0,38.787,20.242,42.714,3.0,18.8,258.0,4,0.3417693964224108,0.8886067417073944
0,PIA,49.0,McLaren,100.44,13.0,37.63,20.249,42.561,5.0,18.8,205.0,4,0.3953968778512993,0.9235026052678814
1,NOR,50.0,McLaren,142.395,1.0,53.654,31.089,57.652,6.0,18.8,128.0,4,0.838802965583204,0.9997279336618936
1,VER,50.0,Red Bull Racing,142.085,2.0,52.682,32.177,57.226,4.0,18.8,127.0,4,0.8494830300638978,0.9850689474835128
1,RUS,50.0,Mercedes,142.305,3.0,53.048,31.69,57.567,6.0,18.8,120.0,4,0.8498274838164322,1.0
1,ALB,50.0,Williams,141.482,4.0,52.815,31.26,57.407,6.0,18.8,137.0,4,0.8183503013725674,0.9902875094895092
0,BEA,49.0,Haas F1 Team,110.488,14.0,45.915,21.257,43.316,5.0,18.8,193.0,4,0.5046768167027423,0.9607668865439426
1,ANT,50.0,Mercedes,140.284,5.0,51.512,30.864,57.908,6.0,18.8,171.0,4,0.7564600630208849,0.9657824219737974
1,STR,50.0,Aston Martin,139.57,6.0,50.984,31.146,57.44,6.0,18.8,170.0,4,0.7530611043041668,0.9632802775536555
1,HUL,50.0,Kick Sauber,139.444,7.0,51.223,30.682,57.539,6.0,18.8,130.0,4,0.8084261732835463,0.9901005727151488
1,GAS,50.0,Alpine,137.754,8.0,49.575,30.79,57.389,4.0,18.8,223.0,4,0.6706960395519028,0.9192215237148085
1,HAM,50.0,Ferrari,137.095,9.0,49.8,29.673,57.622,3.0,18.8,225.0,4,0.6655810371396103,0.9190928380377705
1,LEC,50.0,Ferrari,139.782,10.0,50.079,29.365,60.338,3.0,18.8,188.0,4,0.7328680839542321,0.9435513451743771
1,TSU,50.0,Racing Bulls,140.101,11.0,49.609,29.727,60.765,3.0,18.8,187.0,4,0.7356859578681301,0.9409484779075501
0,OCO,50.0,Haas F1 Team,122.853,12.0,35.793,26.509,60.551,4.0,18.8,256.0,4,0.4693202015963231,0.858257100575305
0,PIA,50.0,McLaren,123.732,13.0,34.861,26.734,62.137,6.0,18.8,266.0,4,0.4468422364112342,0.8550446571418274
0,BEA,50.0,Haas F1 Team,96.187,14.0,33.885,20.099,42.203,6.0,18.8,258.0,4,0.27588012866969486,0.8805291878964536
1,NOR,51.0,McLaren,134.178,1.0,46.614,29.935,57.629,7.0,18.8,193.0,4,0.6631647492702715,0.9396467834202835
1,VER,51.0,Red Bull Racing,133.879,2.0,47.272,29.576,57.031,5.0,18.8,135.0,4,0.7556207077698587,0.9712259685879132
1,RUS,51.0,Mercedes,133.149,3.0,47.256,29.53,56.363,7.0,18.8,162.0,4,0.7026058562430222,0.962525703369719
1,ALB,51.0,Williams,133.177,4.0,47.246,29.759,56.172,7.0,18.8,147.0,4,0.7250721402838238,0.9707717018189661
1,ANT,51.0,Mercedes,132.971,5.0,46.897,29.666,56.408,7.0,18.8,148.0,4,0.7207401487960814,0.969064684022968
1,STR,51.0,Aston Martin,133.847,6.0,46.45,29.796,57.601,7.0,18.8,173.0,4,0.6886427242304871,0.951583904546663
1,HUL,51.0,Kick Sauber,132.717,7.0,46.37,29.224,57.123,7.0,18.8,175.0,4,0.6768929648278843,0.9520945159347515
1,GAS,51.0,Alpine,131.745,8.0,46.466,28.377,56.902,5.0,18.8,138.0,4,0.7314348292313526,0.9703772286454366
1,HAM,51.0,Ferrari,131.311,9.0,49.266,25.65,56.395,4.0,18.8,178.0,4,0.6768553831788853,0.9634041586164221
1,LEC,51.0,Ferrari,127.996,10.0,46.891,25.694,55.411,4.0,18.8,218.0,4,0.5924052463250596,0.929456101214587
1,TSU,51.0,Racing Bulls,127.055,11.0,45.712,26.251,55.092,4.0,18.8,211.0,4,0.5948833648033549,0.926968184509251
1,OCO,51.0,Haas F1 Team,127.663,13.0,45.866,26.039,55.758,5.0,18.8,190.0,4,0.6227548304906793,0.9447717336050208
1,PIA,51.0,McLaren,124.275,12.0,44.202,26.208,53.865,7.0,18.8,185.0,4,0.5951805749949854,0.9480800747820692
0,BEA,51.0,Haas F1 Team,94.937,14.0,33.549,19.959,41.429,7.0,18.8,271.0,4,0.24344878240466955,0.87559074070376
0,NOR,52.0,McLaren,93.198,1.0,33.533,19.49,40.175,8.0,18.8,268.0,4,0.2310563366324935,0.8828274031220928
0,VER,52.0,Red Bull Racing,93.864,2.0,34.079,19.408,40.377,6.0,18.8,244.0,4,0.2810154879586646,0.8923398954729918
0,RUS,52.0,Mercedes,94.334,3.0,33.99,19.388,40.956,8.0,18.8,242.0,4,0.27574301703967546,0.9007368671787654
0,ALB,52.0,Williams,94.996,4.0,34.191,19.708,41.097,8.0,18.8,240.0,4,0.28435804108325297,0.9016259637195598
0,ANT,52.0,Mercedes,95.008,5.0,34.277,19.53,41.201,8.0,18.8,253.0,4,0.26547924317522004,0.8947245606721292
0,STR,52.0,Aston Martin,95.395,6.0,34.809,19.564,41.022,8.0,18.8,257.0,4,0.26415139703719714,0.8943507913918775
0,HUL,52.0,Kick Sauber,95.935,7.0,35.346,19.5,41.089,8.0,18.8,236.0,4,0.29892459262710674,0.9094660015929215
0,GAS,52.0,Alpine,96.326,8.0,35.475,19.5,41.351,6.0,18.8,233.0,4,0.316113213534968,0.9042788097843844
0,HAM,52.0,Ferrari,97.051,10.0,36.302,19.305,41.444,5.0,18.8,239.0,4,0.3191249996206993,0.9009260690157613
0,LEC,52.0,Ferrari,96.38,9.0,35.427,19.167,41.786,5.0,18.8,239.0,4,0.3113933559138159,0.8978437916803089
0,TSU,52.0,Racing Bulls,97.809,11.0,35.918,19.545,42.346,5.0,18.8,225.0,4,0.342715764504699,0.9069453733730528
0,PIA,52.0,McLaren,97.224,12.0,36.897,19.713,40.614,8.0,18.8,243.0,4,0.3030584077074636,0.9107945719490946
0,OCO,52.0,Haas F1 Team,98.747,13.0,35.981,19.771,42.995,6.0,18.8,223.0,4,0.3467683635492991,0.9113313884460661
0,BEA,52.0,Haas F1 Team,93.258,14.0,32.933,19.588,40.737,8.0,18.7,274.0,4,0.22968320880172957,0.940015279017874
0,NOR,53.0,McLaren,90.482,1.0,32.025,19.219,39.238,9.0,18.7,290.0,4,0.1813892305215682,0.9317918449409011
0,VER,53.0,Red Bull Racing,90.859,2.0,32.113,19.031,39.715,7.0,18.7,273.0,4,0.21751682725881372,0.9355657059530074
0,RUS,53.0,Mercedes,91.177,3.0,32.409,19.021,39.747,9.0,18.7,272.0,4,0.21156101508714653,0.9449160754675121
0,ALB,53.0,Williams,91.917,4.0,32.586,19.108,40.223,9.0,18.7,260.0,4,0.2337924989639052,0.9525646035282118
0,ANT,53.0,Mercedes,91.398,5.0,32.679,19.001,39.718,9.0,18.7,280.0,4,0.20235114360169965,0.9412391826322088
0,STR,53.0,Aston Martin,91.558,6.0,32.677,19.155,39.726,9.0,18.7,274.0,4,0.21242113916259137,0.9443205469204217
0,HUL,53.0,Kick Sauber,91.815,7.0,32.726,19.124,39.965,9.0,18.7,275.0,4,0.212465847210815,0.9440087125363104
0,GAS,53.0,Alpine,92.297,8.0,32.856,19.045,40.396,7.0,18.7,258.0,4,0.24979188218027548,0.9475712390724247
0,LEC,53.0,Ferrari,92.731,9.0,32.685,18.763,41.283,6.0,18.7,261.0,4,0.2511534805889653,0.9422469249496745
0,HAM,53.0,Ferrari,93.039,10.0,32.86,18.86,41.319,6.0,18.7,269.0,4,0.24253182403788406,0.9377682302721814
0,TSU,53.0,Racing Bulls,94.836,12.0,34.723,19.01,41.103,6.0,18.7,255.0,4,0.28037242446872157,0.953284493125732
0,PIA,53.0,McLaren,91.809,11.0,32.931,19.045,39.833,9.0,18.7,272.0,4,0.21719642920876067,0.9469431524895852
0,OCO,53.0,Haas F1 Team,94.582,13.0,34.133,19.343,41.106,7.0,18.7,250.0,4,0.2800326527382995,0.9565003653747645
0,BEA,53.0,Haas F1 Team,91.366,14.0,31.993,19.286,40.087,9.0,18.7,287.0,4,0.1906568995151247,0.9331912973622484
0,NOR,54.0,McLaren,89.428,1.0,31.71,18.906,38.812,10.0,18.7,289.0,4,0.16935523826457854,0.9360049865887019
0,VER,54.0,Red Bull Racing,89.1,2.0,31.437,18.688,38.975,8.0,18.7,273.0,4,0.19863757268518017,0.937834029596966
0,RUS,54.0,Mercedes,90.41,3.0,32.048,18.908,39.454,10.0,18.7,284.0,4,0.18321160919301502,0.940357628057517
0,ALB,54.0,Williams,90.587,4.0,32.122,19.072,39.393,10.0,18.7,261.0,4,0.2179644190794528,0.9540098206343623
0,ANT,54.0,Mercedes,90.562,5.0,32.258,18.783,39.521,10.0,18.7,289.0,4,0.17722394715537915,0.9386185043799936
0,STR,54.0,Aston Martin,90.794,6.0,32.101,19.054,39.639,10.0,18.7,289.0,4,0.179004088647798,0.9370189558504379
0,HUL,54.0,Kick Sauber,90.994,7.0,32.446,19.07,39.478,10.0,18.7,284.0,4,0.18866937196069525,0.9413988674393721
0,GAS,54.0,Alpine,94.967,10.0,35.345,19.237,40.385,8.0,18.7,277.0,4,0.24288211086787764,0.9492392914999499
0,LEC,54.0,Ferrari,91.082,8.0,32.942,18.901,39.239,7.0,18.7,272.0,4,0.22291756655418893,0.9400201926120234
0,HAM,54.0,Ferrari,91.265,9.0,32.77,18.803,39.692,7.0,18.7,272.0,4,0.22282319914377896,0.9396410778389594
0,PIA,54.0,McLaren,92.507,11.0,32.689,19.188,40.63,10.0,18.7,285.0,4,0.19698129797154287,0.941293404541139
0,TSU,54.0,Racing Bulls,92.363,12.0,32.73,18.917,40.716,7.0,18.7,258.0,4,0.2491148489460543,0.9474924676268967
0,OCO,54.0,Haas F1 Team,93.152,13.0,32.927,19.345,40.88,8.0,18.7,269.0,4,0.23519189180507627,0.9438669419330384
0,BEA,54.0,Haas F1 Team,90.49,14.0,31.429,19.147,39.914,10.0,18.7,289.0,4,0.17505627434570653,0.9339492442936357
0,NOR,55.0,McLaren,89.195,1.0,30.994,19.466,38.735,11.0,18.7,295.0,4,0.15389215888411997,0.9312534476119916
0,VER,55.0,Red Bull Racing,88.538,2.0,30.812,18.798,38.928,9.0,18.7,284.0,4,0.17271972190667956,0.9320092211739852
0,RUS,55.0,Mercedes,90.076,3.0,31.595,18.924,39.557,11.0,18.7,292.0,4,0.16311012334619196,0.9373693881035037
0,ALB,55.0,Williams,90.301,4.0,31.82,19.049,39.432,11.0,18.7,270.0,4,0.197136838119576,0.9511698153526951
0,ANT,55.0,Mercedes,90.602,5.0,31.97,18.49,40.142,11.0,18.7,286.0,4,0.1742179702703288,0.9440187106057643
0,STR,55.0,Aston Martin,90.387,6.0,31.722,19.151,39.514,11.0,18.7,296.0,4,0.16056355807698,0.9346643554122431
0,HUL,55.0,Kick Sauber,90.437,7.0,31.527,18.83,40.08,11.0,18.7,291.0,4,0.16584635173909304,0.9379992292468691
0,LEC,55.0,Ferrari,89.975,8.0,31.892,18.59,39.493,8.0,18.7,285.0,4,0.18770974755139855,0.932727536567211
0,HAM,55.0,Ferrari,89.874,9.0,31.41,18.451,40.013,8.0,18.7,277.0,4,0.19606572472066425,0.9360759532177731
0,GAS,55.0,Alpine,92.316,11.0,33.195,19.199,39.922,9.0,18.7,269.0,4,0.2259447045910914,0.9492818271366747
0,PIA,55.0,McLaren,90.051,10.0,31.795,18.949,39.307,11.0,18.7,260.0,4,0.20951262565081513,0.9574837692845453
0,TSU,55.0,Racing Bulls,91.891,12.0,32.22,18.926,40.745,8.0,18.7,261.0,4,0.23513327059863764,0.947329779739299
0,OCO,55.0,Haas F1 Team,92.26,13.0,32.69,19.264,40.306,9.0,18.7,269.0,4,0.22390081339174212,0.9469815582109002
0,BEA,55.0,Haas F1 Team,91.284,14.0,31.538,19.483,40.263,11.0,18.7,287.0,4,0.17896536437425806,0.9381518841776995
0,NOR,56.0,McLaren,87.996,1.0,30.804,18.717,38.475,12.0,18.7,293.0,4,0.1411611129257731,0.9381067387659421
0,VER,56.0,Red Bull Racing,87.921,2.0,30.695,18.32,38.906,10.0,18.7,280.0,4,0.16745121972011537,0.9393995096848018
0,RUS,56.0,Mercedes,89.454,3.0,31.449,18.852,39.153,12.0,18.7,278.0,4,0.1736627110602145,0.9492882833564955
0,ALB,56.0,Williams,90.298,5.0,31.241,18.867,40.19,12.0,18.7,267.0,4,0.19320267908824512,0.9549902064057518
0,ANT,56.0,Mercedes,88.149,4.0,31.023,18.341,38.785,12.0,18.7,293.0,4,0.14129360640027885,0.9403023129701036
0,STR,56.0,Aston Martin,90.323,6.0,31.618,19.17,39.535,12.0,18.7,285.0,4,0.17043849573353853,0.944590550075105
0,HUL,56.0,Kick Sauber,90.36,7.0,31.692,18.902,39.766,12.0,18.7,289.0,4,0.16410722950702242,0.9433998933457222
0,LEC,56.0,Ferrari,89.801,8.0,31.38,18.561,39.86,9.0,18.7,277.0,4,0.19087921988012455,0.9393311019187531
0,HAM,56.0,Ferrari,90.095,9.0,31.448,18.823,39.824,9.0,18.7,280.0,4,0.18957774010417716,0.936868458946042
0,PIA,56.0,McLaren,88.559,10.0,30.605,18.722,39.232,12.0,18.7,295.0,4,0.14061727784173356,0.9360255690120575
0,GAS,56.0,Alpine,90.866,11.0,31.867,19.159,39.84,10.0,18.7,265.0,4,0.21313550113267288,0.9502199539597203
0,TSU,56.0,Racing Bulls,91.524,12.0,32.151,18.97,40.403,9.0,18.7,272.0,4,0.21221845920173493,0.9440102408907247
0,OCO,56.0,Haas F1 Team,91.913,13.0,32.451,19.168,40.294,10.0,18.7,281.0,4,0.19840571011730473,0.9428410193518482
0,BEA,56.0,Haas F1 Team,90.226,14.0,31.349,19.207,39.67,12.0,18.7,290.0,4,0.1618612991728997,0.9403334856379602
0,NOR,57.0,McLaren,87.126,1.0,30.396,18.664,38.066,13.0,18.7,300.0,4,0.11944372101798206,0.9361806240128959
0,VER,57.0,Red Bull Racing,87.4,2.0,30.421,18.285,38.694,11.0,18.7,293.0,4,0.13969450506465178,0.9343084029491275
0,RUS,57.0,Mercedes,89.117,3.0,31.356,18.721,39.04,13.0,18.7,289.0,4,0.1500829144968865,0.9464748474483182
0,ANT,57.0,Mercedes,88.65,4.0,31.048,18.709,38.893,13.0,18.7,291.0,4,0.1433997464919361,0.9440659292713114
0,ALB,57.0,Williams,89.944,5.0,31.494,18.857,39.593,13.0,18.7,264.0,4,0.191381069965894,0.9616594618147012
0,STR,57.0,Aston Martin,90.957,6.0,31.819,19.209,39.929,13.0,18.7,288.0,4,0.1654625883192587,0.9471834709581324
0,HUL,57.0,Kick Sauber,90.86,7.0,31.739,19.048,40.073,13.0,18.7,290.0,4,0.16108628778721676,0.9462071788169524
0,LEC,57.0,Ferrari,90.964,8.0,31.616,18.907,40.441,10.0,18.7,290.0,4,0.17596119095439752,0.9349168445538232
0,HAM,57.0,Ferrari,92.418,10.0,31.658,18.758,42.002,10.0,18.7,283.0,4,0.19344074320965907,0.9397574534539044
0,PIA,57.0,McLaren,89.517,9.0,31.475,18.119,39.923,13.0,18.7,296.0,4,0.14023775630521773,0.9447889124889667
0,GAS,57.0,Alpine,91.312,11.0,31.774,19.075,40.463,11.0,18.7,269.0,4,0.20401922503546524,0.9514351261917934
0,TSU,57.0,Racing Bulls,91.511,12.0,31.959,19.035,40.517,10.0,18.7,282.0,4,0.19226472654836277,0.9406959415593574
0,OCO,57.0,Haas F1 Team,90.924,13.0,32.076,19.022,39.826,11.0,18.7,278.0,4,0.19004088905602423,0.947435414261601
0,BEA,57.0,Haas F1 Team,90.553,14.0,31.384,19.175,39.994,13.0,18.7,282.0,4,0.16993592803903915,0.9491684882859426
